"","X","id","Virus_Protein_Loc_AA","Oligo","X006.10ng.1","X006.10ng.2","X016.10ng.1","X016.10ng.2","X067.10ng.1","X067.10ng.2","X072.10ng.1","X072.10ng.2","X14639.10ug.1","X14639.10ug.2","X14639.2ug.1","X14639.2ug.2","X167D.10ng.1","X167D.10ng.2","X221.10ng.1","X221.10ng.2","X240D.10ng.1","X240D.10ng.2","X2988.2ug.1","X2988.2ug.2","X44752D.10ng.1","X44752D.10ng.2","X5069.10ng.1","X5069.10ng.2","X5C2.10ng.1","X5C2.10ng.2","X5F3.10ng.1","X5F3.10ng.2","X5F4.10ng.1","X5F4.10ng.2","X6305.2ug.1","X6305.2ug.2","X6F11.10ng.1","X6F11.10ng.2","X7B6.10ng.1","X7B6.10ng.2","X8B10.10ng.1","X8B10.10ng.2","X8F6.10ng.1","X8F6.10ng.2","X9577.2ug.1","X9577.2ug.2","beads.only.2","BF5201.10ng.1","BF5201.10ng.2","F240.10ng.1","F240.10ng.2","Fi6v3.10ng.1","Fi6v3.10ng.2","HIVIG.10ng.1","HIVIG.10ng.2","PGT151.10ng.1","PGT151.10ng.2","QA0132.10ng.1","QA0132.10ng.2","QA255.2ug.1","QA255.2ug.2","vFP1602.10ng.1","vFP1602.10ng.2","vFP2001.10ng.1","vFP2001.10ng.2","VRC034.10ng.1","VRC034.10ng.2","meaninput","Virus","Protein","Locus","AA"
"1",1219,11093,"BF520_V3_1_C","aggaattctacgctgagtGCCAAGAATATTATTGTCCAACTGGCTTCCCCTGTAACCATTAATTGCATTCGTCCTAATAATAACACCCGCAAGTCAGTTCATTTGGGCCCGtgatagcaagcttgcc",-1.61491252201677,-1.64037241691315,-1.2593472963454,-1.64862867202563,-2.6951562418218,-2.58597048312942,-2.69197468093351,-2.70546862646326,-0.990473309622476,-1.93172307049736,-0.690969676970919,-0.961816798425937,-2.01362677690741,-1.83684748409114,-1.53168246274029,-1.62923093481392,-2.61786999745,-2.50112351217465,-1.11487777820587,-0.675094539165911,-1.61053006389006,-1.54174136909813,-2.6350160380907,-2.63071621960242,-2.68352538380349,-2.72799210121152,-1.79566906839711,-2.03858426237815,-2.66992970641043,-2.69038892856564,-1.05269548350835,-0.928437819431012,-1.79833831590848,-1.73921005068425,-2.6972277680592,-2.61843210619262,-1.3892540734363,-1.63410370243797,-2.59566946526868,-2.64939779246423,-2.50491622490485,-2.60392893566381,9.63832196814535e-05,-1.21844869637924,-1.77283061418553,-2.69771107473121,-2.61952924381087,-1.3451005466668,-1.63036610542938,-2.43182991605372,-2.50733806389398,-2.12907045131585,-1.61650304962783,-1.57490450196719,-1.62749197979744,-0.686465937816804,-1.26471135471221,-1.93739708792348,-1.47720659393509,-1.49771895600362,-1.50815609842391,-1.79574346193404,-1.71154390086884,0.000202594340463487,"BF520","V3",1,"C"
"2",1239,11110,"BF520_V3_2_I","aggaattctacgctgagtAAGAATATTATTGTCCAACTGGCTTCCCCTGTAACCATTAATTGTATCCGTCCTAATAATAACACCCGCAAGTCAGTTCATTTGGGCCCGGGTtgatagcaagcttgcc",-1.63289262804406,-1.58495491645274,-1.19021627883144,-1.6529390034518,-2.65753162936073,-2.56857240763115,-2.66437866372344,-2.68371692103132,-0.955490760495665,-1.85627908115917,-0.641715605191091,-0.923170555019446,-1.97046210328111,-1.79858960507133,-1.5526948575324,-1.64668938361025,-2.59930973920527,-2.47908608441715,-0.993953169604287,-0.639222664169263,-1.50212067651031,-1.46406001515932,-2.59110241365666,-2.61168793988274,-2.66257312809871,-2.7054198066797,-1.69972623426203,-2.04112889870333,-2.6430437609559,-2.66918661597216,-0.957075240144847,-0.96443432593059,-1.75605968809191,-1.74051014100568,-2.66995844145966,-2.58882878571627,-1.35964390298382,-1.64118653034829,-2.57086018277947,-2.61386341574669,-2.49047116804781,-2.58587658676568,0,-1.23178003127536,-1.72065602998547,-2.67624199720034,-2.58246666014824,-1.25005911718955,-1.58925226230981,-2.41307082873967,-2.47622000596989,-2.08762863681263,-1.50699670137986,-1.55440829601741,-1.61369607047175,-0.587770716401422,-1.22866117421815,-1.89386801922078,-1.50020368712064,-1.4348976175682,-1.37080767811405,-1.79782108986514,-1.72600347300526,4.16166556729827e-05,"BF520","V3",2,"I"
"3",1255,11125,"BF520_V3_3_R","aggaattctacgctgagtAATATTATTGTCCAACTGGCTTCCCCTGTAACCATTAATTGTATTCGTCCTAATAATAACACCCGCAAGTCAGTTCATTTGGGCCCGGGTCAGtgatagcaagcttgcc",-1.46155438680407,-1.47593329024137,-1.23597910845377,-1.65045144964383,-2.50835275403977,-2.42997137839788,-2.53794101197573,-2.53827470876153,-0.756339780128714,-1.56797647072116,-0.518410311665248,-0.819842942676225,-1.86671938804008,-1.72515615605304,-1.50817587305936,-1.44389029469223,-2.44935470153933,-2.31567406039067,-0.873108479650545,-0.535867003195394,-1.42449821881544,-1.37861037432112,-2.45678518217499,-2.44173652814127,-2.52405288710791,-2.56760612824284,-1.44260081106202,-1.93325460681191,-2.48569508383286,-2.49649092073237,-0.698224291859525,-0.768782175439959,-1.74061533150197,-1.49380904833981,-2.5123649635823,-2.44802319642765,-1.28449974591924,-1.56558453098476,-2.43791945483621,-2.46628483692161,-2.36996649376163,-2.46948027949622,1.20479024601817e-05,-1.23308613976874,-1.6230275472176,-2.50380091388937,-2.4450626018386,-1.20369453348699,-1.54291134563369,-2.25793496018368,-2.31961240087583,-1.92141183319652,-1.36517705351801,-1.52517284398315,-1.49601884285547,-0.491610608704613,-1.12083865947628,-1.77299787179313,-1.4218756593098,-1.2566456085211,-1.28305507171494,-1.67662843925987,-1.611972206313,6.017749110087e-06,"BF520","V3",3,"R"
"4",1292,11159,"BF520_V3_4_P","aggaattctacgctgagtATTATTGTCCAACTGGCTTCCCCTGTAACCATTAATTGTATTCGTCCGAATAATAACACCCGCAAGTCAGTTCATTTGGGCCCGGGTCAGGCGtgatagcaagcttgcc",-1.49947884017392,-1.52966470286116,-1.19479667105793,-1.67714069853202,-2.52379633664159,-2.45754941793912,-2.56130949977382,-2.55103921672493,-0.73719265572229,-1.5262260464933,-0.499717598598095,-0.879089803947373,-1.91625766139221,-1.69445760941771,-1.56590027857265,-1.50991395275834,-2.47005720526733,-2.34122948485569,-0.834580925150201,-0.568737660996001,-1.40037005830219,-1.39052450586118,-2.47088292146624,-2.4608068266138,-2.54204612181326,-2.58393050193755,-1.50867474389413,-1.98019878553872,-2.51110055120195,-2.50894304687165,-0.711593987420507,-0.802514124149042,-1.76014688367405,-1.5426103995041,-2.53673061785702,-2.47027848491243,-1.32165653718535,-1.58412909485144,-2.4592725224675,-2.49244707669062,-2.39988402134547,-2.49551793441285,2.40958049203634e-05,-1.30199483151657,-1.62318632479056,-2.51781258115422,-2.45659636599464,-1.27908301434423,-1.55602033005372,-2.28052615013614,-2.33759367188274,-1.9483567863566,-1.35888407651862,-1.56890281281907,-1.51801495211574,-0.594762026486867,-1.06418459752795,-1.79044442496754,-1.48337585115652,-1.32996961733351,-1.35534942063003,-1.71015936938943,-1.65765238800067,1.84952204404006e-05,"BF520","V3",4,"P"
"5",1302,11168,"BF520_V3_5_N","aggaattctacgctgagtATTGTCCAACTGGCTTCCCCTGTAACCATTAATTGTATTCGTCCTAACAATAACACCCGCAAGTCAGTTCATTTGGGCCCGGGTCAGGCGTTCtgatagcaagcttgcc",-1.4889767726332,-1.51869602781876,-1.14772078866579,-1.64336076190357,-2.49746055803874,-2.43223767199519,-2.52393789062536,-2.51906869454753,-0.723774363435193,-1.51531052556724,-0.48088326335091,-0.862864352530305,-1.83680507908688,-1.68094159599975,-1.5486681581914,-1.49925058117065,-2.43250168788854,-2.30495834455781,-0.800744640520952,-0.531087087464714,-1.38145525768547,-1.38170663433822,-2.44536506868237,-2.43544472824697,-2.51542824139496,-2.55666518049125,-1.49803052776866,-1.91886729700814,-2.47965623536441,-2.47666751469357,-0.703213036377526,-0.802785608726779,-1.74561545756224,-1.5314416122691,-2.51019490351913,-2.4447699753974,-1.3139032140287,-1.55548897428946,-2.42811048548747,-2.46659588916991,-2.36774687500969,-2.46961927813948,0.000698778342690538,-1.26828838183464,-1.61077200975393,-2.48630796167096,-2.43129935215201,-1.24813632834449,-1.54464425458395,-2.2521940531024,-2.31071502445887,-1.9040564816919,-1.35055529692059,-1.55732760230516,-1.49172160960124,-0.589680543555244,-1.04663378737554,-1.76957912992332,-1.47312270065199,-1.18169800683239,-1.32993930383671,-1.69640064105992,-1.63791676172561,0.00020623818655416,"BF520","V3",5,"N"
"6",1324,11188,"BF520_V3_6_N","aggaattctacgctgagtGTCCAACTGGCTTCCCCTGTAACCATTAATTGTATTCGTCCTAATAACAACACCCGCAAGTCAGTTCATTTGGGCCCGGGTCAGGCGTTCTATtgatagcaagcttgcc",-1.31587347441159,-1.57431648709843,-1.15297696130509,-1.62246776282732,-2.53906140661411,-2.47317930821896,-2.55644807947111,-2.56138356024865,-0.721744493865981,-1.50715552832686,-0.50102713252942,-0.751268841640729,-1.88429287720571,-1.72679852997334,-1.38423868348129,-1.43120472787476,-2.45253390805893,-2.27613979072673,-0.649904536683429,-0.493999770815384,-1.45840261743877,-1.40739210234911,-2.4614777997736,-2.48181717528963,-2.55763678400955,-2.59399848394814,-1.62725793561886,-1.96699517543044,-2.52190016361748,-2.52317916726784,-0.544944189454341,-0.743477034480562,-1.69832883499776,-1.6515443081528,-2.5412383253833,-2.47245869900441,-1.36707872447579,-1.63534677056148,-2.46017094295765,-2.49672806043959,-2.3884405884118,-2.52240472976411,0.000807209464832173,-1.31113728187571,-1.63366244460258,-2.51392972797704,-2.47523012149902,-1.35150584117612,-1.6169211062845,-2.28516466264936,-2.35525329086097,-1.91163207473406,-1.48182977174736,-1.61068542098288,-1.52409819302378,-0.586653575693558,-1.10665759188836,-1.79701894549106,-1.5602909502397,-1.31444038085595,-1.36716827326486,-1.75303629387628,-1.66392361708,0.000196223401996165,"BF520","V3",6,"N"
"7",1347,11208,"BF520_V3_7_N","aggaattctacgctgagtCAACTGGCTTCCCCTGTAACCATTAATTGTATTCGTCCTAATAATAACACCCGCAAGTCAGTTCATTTGGGCCCGGGTCAGGCGTTCTATGCAtgatagcaagcttgcc",-1.31959173800933,-1.53443070960444,-1.18207923085091,-1.60920024599015,-2.50688848818211,-2.4361357389413,-2.51470046261978,-2.52822383746669,-0.686345287349662,-1.47995598753943,-0.455446266992506,-0.75084088936267,-1.83247048509872,-1.70961953583091,-1.22539254405267,-1.41979353925599,-2.41911166944587,-2.22335673198778,-0.531396380412865,-0.442915983100823,-1.40281084731436,-1.31848056259543,-2.42929770071575,-2.43548946048527,-2.51973661690542,-2.54963321486777,-1.51284909618958,-1.90528600369955,-2.48601817243389,-2.48651249082846,-0.528924213360177,-0.581696996702721,-1.59990114128056,-1.43904962641601,-2.50088314468828,-2.43174019999381,-1.3236900794663,-1.58642890254272,-2.43148556672163,-2.44443133705034,-2.34992797428463,-2.46933666739501,0.00028914965904436,-1.27575164152941,-1.59269174965874,-2.48286781568748,-2.43733512303695,-1.3416998801888,-1.57466986225725,-2.24967075320637,-2.3081554915201,-1.8393322583759,-1.49639431392376,-1.54422853077917,-1.46715041351481,-0.0817869400623926,-1.06045116626538,-1.73836987753118,-1.46874926699674,-1.30953267727425,-1.33869492412276,-1.6908832453348,-1.65328619914472,0.000140915308180773,"BF520","V3",7,"N"
"8",1373,11231,"BF520_V3_8_T","aggaattctacgctgagtCTGGCTTCCCCTGTAACCATTAATTGTATTCGTCCTAATAATAACACCCGCAAGTCAGTTCATTTGGGCCCGGGTCAGGCGTTCTATGCAACAtgatagcaagcttgcc",-1.27251471468725,-1.51816201037871,-1.21875230517587,-1.54337778959752,-2.45395275757489,-2.38404514239858,-2.46638850945945,-2.46283658642459,-0.619071678819689,-1.24274422631735,-0.328191770526238,-0.625297026422783,-1.73472919522656,-1.56241659685792,-1.32543546844609,-1.48506374219459,-2.35822461303172,-2.16425429651721,-0.419745964474198,-0.309345079946155,-1.29454710403162,-1.28028814115391,-2.38041000269836,-2.38936709682854,-2.45693605404118,-2.48348325025792,-1.46564137700044,-1.84901993926509,-2.44090789750059,-2.44005714604619,-0.384615677089341,-0.648604734291763,-1.49684703935148,-1.34365046012185,-2.45480548077579,-2.39403330139608,-1.36941277512889,-1.49653630636808,-2.39190711987613,-2.39744228827056,-2.29684159555302,-2.43405740344124,0.000469868195947086,-1.3041511067717,-1.54362304344639,-2.43034883643971,-2.3830874238135,-1.32575825519725,-1.50343431916965,-2.17118289180819,-2.25583638801425,-1.73184764769704,-1.43539690344185,-1.52825226810232,-1.44765179772292,-0.0610030358441503,-0.89046404533026,-1.69148628248442,-1.50968688667622,-1.23723377925403,-1.31926319561537,-1.59104392676412,-1.57583308446378,0.000169790086919112,"BF520","V3",8,"T"
"9",1388,11245,"BF520_V3_9_R","aggaattctacgctgagtGCTTCCCCTGTAACCATTAATTGTATTCGTCCTAATAATAACACCCGTAAGTCAGTTCATTTGGGCCCGGGTCAGGCGTTCTATGCAACAGGTtgatagcaagcttgcc",-1.29950613634743,-1.47980464260346,-1.17305093208739,-1.43126436669187,-2.36986139290571,-2.30876366798201,-2.37045857614969,-2.38089600345666,-0.534614908284109,-0.86797961710055,-0.239022233928507,-0.267524857093646,-1.54559497454923,-1.47246895853489,-1.24585097026144,-1.48798673410301,-2.28012074064267,-2.1191091714371,-0.307484344254114,-0.0286243818423681,-1.24400110012345,-1.25820328628716,-2.30017385295978,-2.3188799434446,-2.3775778608697,-2.40805651889707,-1.45037699562829,-1.8066845029786,-2.36165167953899,-2.3660762077496,-0.345932429932391,-0.584642763987321,-1.38896340989146,-1.16585073075773,-2.37528509985076,-2.31772503150477,-1.34156867351308,-1.454261572374,-2.31763488551244,-2.32855352310191,-2.22441837552389,-2.34800550310349,0.000385532878725814,-1.24421819303224,-1.4384762554806,-2.35605298287248,-2.31569597810932,-1.25763618192022,-1.21104606883271,-2.07892631100257,-2.15712398264008,-1.65356944076673,-1.37041121351722,-1.46880042952674,-1.37396818318742,0.19345430823513,-0.728424860842702,-1.55739169706411,-1.23971220438523,-1.3015322206792,-1.20349251187928,-1.47111663322914,-1.54809600842,9.72007394754146e-05,"BF520","V3",9,"R"
"10",1412,11267,"BF520_V3_10_K","aggaattctacgctgagtTCCCCTGTAACCATTAATTGTATTCGTCCTAATAATAACACCCGCAAATCAGTTCATTTGGGCCCGGGTCAGGCGTTCTATGCAACAGGTGATtgatagcaagcttgcc",-1.30162589211549,-1.47064252655654,-1.1757547807989,-1.41633180101578,-2.36703720859637,-2.30622169230297,-2.36763163346815,-2.37802085059925,-0.523785737033496,-0.810251000321285,-0.23842013863468,-0.271140809873441,-1.54657805306707,-1.47378980401287,-1.24821855769506,-1.4856585806667,-2.27771106581938,-2.11744320441087,-0.301879992105679,0.00663137934975098,-1.24637723205391,-1.26051381872911,-2.29767155338872,-2.31629124098079,-2.37471803441725,-2.40505591240173,-1.45179988324613,-1.80646161649044,-2.35546653880719,-2.36326950710138,-0.352456715163937,-0.590064453066613,-1.3906699650916,-1.16858783699164,-2.37243586359537,-2.31514166354592,-1.34349414363441,-1.45566651724382,-2.30758928155527,-2.3259201386525,-2.22226598831948,-2.34528227051915,0.000590347220548902,-1.24659332221681,-1.41209703594627,-2.35329257921105,-2.31312198228961,-1.25994933380089,-1.19423442174041,-2.07744594745042,-2.15528242629666,-1.64975143069733,-1.37220346077765,-1.47013821983445,-1.3724326060765,0.184438611207632,-0.709642513494524,-1.55456212767114,-1.24210814660148,-1.30364261802214,-1.2060557518112,-1.46751944506648,-1.53166934827416,0.000157113824971954,"BF520","V3",10,"K"
"11",1433,11286,"BF520_V3_11_S","aggaattctacgctgagtCCTGTAACCATTAATTGTATTCGTCCTAATAATAACACCCGCAAGTCTGTTCATTTGGGCCCGGGTCAGGCGTTCTATGCAACAGGTGATATTtgatagcaagcttgcc",-1.29993703156085,-1.46403030671371,-1.16231031043784,-1.4107539275456,-2.36041393692825,-2.30294885402959,-2.35719969772315,-2.37414463975728,-0.516813601054686,-0.819549725564292,-0.242449433041313,-0.246053880783219,-1.50386569099444,-1.4680462338855,-1.2538367716853,-1.46445061767562,-2.2746778199081,-2.11170416490769,-0.303248061017405,0.0234542442972926,-1.25201091983811,-1.26602870806475,-2.29187783899156,-2.31041639050355,-2.37086957917481,-2.4009525092769,-1.44364940815037,-1.80738857007776,-2.34503923775413,-2.35951726088836,-0.365602567870164,-0.549884996930106,-1.39509107212936,-1.17487523699505,-2.36860658684057,-2.31179386525785,-1.33733980323847,-1.44884902697377,-2.30430495058671,-2.3224817621966,-2.21969868155875,-2.34168118213855,0.000409628683646177,-1.24888879145235,-1.41633807810464,-2.3496241752707,-2.30979115662763,-1.25789213977002,-1.16195135479407,-2.06878073594936,-2.14893086743032,-1.64772911426021,-1.33355463127391,-1.47389150616062,-1.37043983860005,0.166780896248147,-0.687691339148224,-1.55760594787918,-1.24777771014128,-1.30879506948209,-1.20114120887569,-1.46152894210425,-1.53059255591886,9.50584345665868e-05,"BF520","V3",11,"S"
"12",1453,11303,"BF520_V3_12_V","aggaattctacgctgagtGTAACCATTAATTGTATTCGTCCTAATAATAACACCCGCAAGTCAGTTCATTTGGGCCCGGGTCAGGCGTTCTATGCAACAGGTGATATTATCtgatagcaagcttgcc",-1.28975777952516,-1.45096933749571,-1.14178953798164,-1.3988100049354,-2.33513695785361,-2.27290346651969,-2.3319786914017,-2.34537383830189,-0.496111658764795,-0.800016441728202,-0.236730672811692,-0.225730992183888,-1.47249282908042,-1.43040496543098,-1.22290679959731,-1.4373484998859,-2.2508938493531,-2.09075821715857,-0.28381878457325,0.0266657081539385,-1.24603566803107,-1.25980935052986,-2.26269919045439,-2.2761158536482,-2.34541052557317,-2.37496959160841,-1.41853977213612,-1.78271115902357,-2.32002999365106,-2.33425589652795,-0.293438438383765,-0.545329126382057,-1.38662422292106,-1.17024322576917,-2.34318694098158,-2.276007962942,-1.329878634477,-1.42893984292197,-2.28000505325484,-2.29786533391444,-2.18242003295164,-2.31673041520728,0.000240958049203634,-1.22329809336012,-1.40146968920815,-2.32453508907761,-2.28539572251798,-1.22575737759523,-1.15000699401556,-2.0485822566809,-2.12733665397993,-1.60971136298647,-1.29140923220101,-1.45817522980016,-1.34304394324787,0.172108474684034,-0.685809244161546,-1.53898570012795,-1.23195291234334,-1.30183097864028,-1.18535431264997,-1.4423094090883,-1.49857664314136,7.50172810678893e-05,"BF520","V3",12,"V"
"13",1491,11338,"BF520_V3_13_H","aggaattctacgctgagtACCATTAATTGTATTCGTCCTAATAATAACACCCGCAAGTCAGTTCACTTGGGCCCGGGTCAGGCGTTCTATGCAACAGGTGATATTATCGGTtgatagcaagcttgcc",-1.24410690840212,-1.42937866879069,-1.06535395912395,-1.37032931037322,-2.29819753886949,-2.23238583068949,-2.29198249763269,-2.3081046104032,-0.449595029783516,-0.797956905254052,-0.236260498324009,-0.216661454310622,-1.3994362768765,-1.3956089697212,-1.20112664094207,-1.35849670425211,-2.21302836814533,-2.06169212321896,-0.283958125977175,0.0847530874416606,-1.24418460590146,-1.25445095948665,-2.22562804965505,-2.24107795988093,-2.30462073218121,-2.32974283311083,-1.36526629381735,-1.7329801207056,-2.28037235614747,-2.29734486332805,-0.255435938847607,-0.40567811190558,-1.37134098113197,-1.15266103321403,-2.30308790836843,-2.23273123884452,-1.28707018905343,-1.40594446333119,-2.23780503924917,-2.25818213980064,-2.15040080459512,-2.28038401300027,0.000120479024601817,-1.16507128849404,-1.37418062153794,-2.2784011983002,-2.24392987661314,-1.14170182446257,-1.12571876853136,-2.013919007013,-2.09295824796387,-1.56368864551045,-1.27314941523413,-1.39829889467431,-1.30684309314494,0.167076891061423,-0.702007398265321,-1.52060903402462,-1.21454963409049,-1.23264141041644,-1.09228269849662,-1.42484827292344,-1.43527169666635,4.05455032185689e-05,"BF520","V3",13,"H"
"14",1510,11355,"BF520_V3_14_L","aggaattctacgctgagtATTAATTGTATTCGTCCTAATAATAACACCCGCAAGTCAGTTCATCTGGGCCCGGGTCAGGCGTTCTATGCAACAGGTGATATTATCGGTGAGtgatagcaagcttgcc",-1.21218750394325,-1.39039437074845,-1.01295338150216,-1.32702023445683,-2.25103400165555,-2.18110422045849,-2.24494650529846,-2.25765254539432,-0.429495236602546,-0.767302236707663,-0.214990166987038,-0.200132787221779,-1.30811908236822,-1.33170061921647,-1.08872724712762,-1.33061767784886,-2.15691623261901,-2.01183279961324,-0.272447809377394,0.0830137872614343,-1.21570904092571,-1.22870715656711,-2.17270906816282,-2.19274189413246,-2.25387821956125,-2.28193192436606,-1.33350471766672,-1.66317394589102,-2.2304354678373,-2.25019882469461,-0.238290214800744,-0.380278461115976,-1.33738500773438,-1.12900615994244,-2.25582401114628,-2.18422014631179,-1.25043759458335,-1.36713266853014,-2.18843467013859,-2.20797616617078,-2.09485414601197,-2.23358604440087,2.40958049203634e-05,-1.1038708517942,-1.34312101502426,-2.22541702663389,-2.19487841999769,-1.09004319282598,-1.07403732716929,-1.97258942483972,-2.04595762112723,-1.50775706358958,-1.22506161029492,-1.36960304897794,-1.2524988455452,0.163648144386739,-0.68488317976233,-1.47551919360801,-1.18962468490889,-1.19979272588751,-1.06986690750067,-1.35467556689577,-1.39778272570697,6.81291157746159e-06,"BF520","V3",14,"L"
"15",1516,11360,"BF520_V3_15_G","aggaattctacgctgagtAATTGTATTCGTCCTAATAATAACACCCGCAAGTCAGTTCATTTGGGTCCGGGTCAGGCGTTCTATGCAACAGGTGATATTATCGGTGAGATCtgatagcaagcttgcc",-1.16975534752551,-1.31361332382367,-0.993198011934491,-1.2728196821742,-2.1936882904513,-2.12093796115519,-2.17587438888218,-2.2000743806198,-0.387864669846038,-0.629803298952969,-0.199726982299628,-0.194416428514605,-1.26467200002432,-1.28112154117816,-1.04289540755406,-1.2769070637721,-2.10287608413397,-1.96288820738957,-0.281851456963691,0.0583841028003343,-1.19188645127918,-1.20437184487396,-2.11112398325333,-2.13744349258531,-2.1964326149918,-2.22019135861314,-1.27948692460996,-1.58930549483119,-2.16472648890499,-2.19288244620674,-0.228664001710217,-0.349097415667398,-1.28408215806365,-1.06240565779293,-2.19831006734409,-2.12922104182817,-1.20522664808957,-1.29758923578004,-2.12996237623169,-2.15214271324895,-2.03197846822799,-2.17685313264584,0,-1.07782000644106,-1.3093876846147,-2.16596692546578,-2.13950498033264,-1.03602209921607,-1.03390081780854,-1.9184491932495,-1.99581451199276,-1.47268235368909,-1.16843465849776,-1.26795820366971,-1.1712043004012,0.13618645564494,-0.643210171775004,-1.4085708801382,-1.08182164846699,-1.16843744284838,-1.03769856846304,-1.28492867335694,-1.35877624253721,4.67060666863381e-06,"BF520","V3",15,"G"
"16",1558,11399,"BF520_V3_16_P","aggaattctacgctgagtTGTATTCGTCCTAATAATAACACCCGCAAGTCAGTTCATTTGGGCCCGGGTCAGGCGTTCTATGCAACAGGTGATATTATCGGTGAGATCCGTtgatagcaagcttgcc",-1.06086047242052,-1.23119485149643,-0.897127014483813,-1.12638502759708,-2.10354001214037,-2.03103437601397,-2.07702205858939,-2.10885196977563,-0.365583095737418,-0.607803513596771,-0.195121659513046,-0.156466426436667,-1.20382295544089,-1.20828959258757,-0.932318752908578,-1.15226030874939,-2.01799666847115,-1.88347692823997,-0.263401466512553,0.0525501071805652,-1.13080751851748,-1.15079896591336,-2.01356115363663,-2.0544671086555,-2.10149571635135,-2.12751660926026,-1.20694830143964,-1.45716661229712,-2.07483383762072,-2.10766383045359,-0.220133053339789,-0.287864104058878,-1.17103219386078,-0.9872020572223,-2.10498159383727,-2.03661112929341,-1.14418440855301,-1.19786738559498,-2.04728856650407,-2.06857181845273,-1.95326762357005,-2.08993749112795,0.000108431122141635,-1.02619152290414,-1.22814103662609,-2.07895431245186,-2.05088713592454,-0.977991057283571,-0.945943998375072,-1.83802200203003,-1.9185663207262,-1.39451842435308,-1.01960120922452,-1.1530936339709,-1.09615996291983,0.127205739171266,-0.613119718521397,-1.32293752093254,-0.989285829643754,-1.09318644709271,-0.996071930930794,-1.19011366828199,-1.27753848993536,5.29669982897211e-05,"BF520","V3",16,"P"
"17",1561,11400,"BF520_V3_17_G","aggaattctacgctgagtATTCGTCCTAATAATAACACCCGCAAGTCAGTTCATTTGGGCCCGGGTCAGGCGTTCTATGCAACAGGTGATATTATCGGTGAGATCCGTCAGtgatagcaagcttgcc",-1.15070398771553,-1.28611319711146,-1.01704241149258,-1.16772554095486,-2.13448765734454,-2.0782835246569,-2.10983191018968,-2.1453632363724,-0.408263675109085,-0.621074145068873,-0.199888099689071,-0.176868701460879,-1.17758185567626,-1.24223598062988,-0.921239382535699,-1.18761113097852,-2.05951324965815,-1.92231182076255,-0.243947087676705,0.0570470031716291,-1.16010215567318,-1.1838132204313,-2.06085729900568,-2.08227999548853,-2.13817105543886,-2.15505015525867,-1.15465456896831,-1.4951739607092,-2.10461318223271,-2.14468253498367,-0.216176423215949,-0.283567615825069,-1.23690654134991,-1.04692270782607,-2.14116671868421,-2.08630207787376,-1.18657755388208,-1.28010038331545,-2.07937411315375,-2.10117582303219,-2.00038636827329,-2.13747674770104,0.000120479024601817,-1.10708439980455,-1.28636309271573,-2.1118112335667,-2.08875382122274,-1.01414743423911,-1.02912775186936,-1.87793325228049,-1.94943625908037,-1.43331412095372,-0.971112954320466,-1.18453145315888,-1.11957897707047,0.131267660616148,-0.605114182688383,-1.32091839292066,-1.02236204809956,-1.1342627912567,-1.15642535746288,-1.2185719555192,-1.30992264523387,5.71416012434377e-05,"BF520","V3",17,"G"
"18",1601,11437,"BF520_V3_18_Q","aggaattctacgctgagtCGTCCTAATAATAACACCCGCAAGTCAGTTCATTTGGGCCCGGGTCAGGCGTTCTATGCAACAGGTGATATTATCGGTGAGATCCGTCAGGCAtgatagcaagcttgcc",-1.13179736361747,-1.26531180633915,-1.02582117118694,-1.15157068380088,-2.10495816433274,-2.04697420330351,-2.08064351622842,-2.11568328555224,-0.404649481575868,-0.61248191706347,-0.203705224131409,-0.174421817748141,-1.11604970485695,-1.23879423803546,-0.90849452930819,-1.1711811673419,-2.03769047902951,-1.89571766675918,-0.240572210433441,0.0533842161832321,-1.14405276396971,-1.18146838377749,-2.02331192920019,-2.03373577098226,-2.10536652217729,-2.1284443591394,-1.15968871852506,-1.44646618915968,-2.07549698657637,-2.11501200130248,-0.22710242787621,-0.279644609804834,-1.2279503370771,-0.968621193160596,-2.10888791528738,-2.05492230030752,-1.17971994190616,-1.23910446562938,-2.0538302766675,-2.06849357788034,-1.96417015617934,-2.06762903342685,0.000385532878725814,-1.08014258997905,-1.26589322974855,-2.07968349046295,-2.05704967551046,-0.970415112792998,-0.994842814015989,-1.86151152302301,-1.92246685300703,-1.40605207221466,-0.9713708969431,-1.1603282007957,-1.09836931079194,0.129451642868984,-0.594200974630574,-1.31562967084967,-1.01994855289455,-1.05146559587053,-1.09932878663805,-1.20171366546487,-1.28804334666055,0.000230044777390177,"BF520","V3",18,"Q"
"19",1609,11444,"BF520_V3_19_A","aggaattctacgctgagtCCTAATAATAACACCCGCAAGTCAGTTCATTTGGGCCCGGGTCAGGCTTTCTATGCAACAGGTGATATTATCGGTGAGATCCGTCAGGCACACtgatagcaagcttgcc",-1.04621392594987,-1.16275045701166,-0.918803566747171,-1.01009625126669,-2.02602290299345,-1.97016002321864,-1.99944383908611,-2.03316834348177,-0.384832017425512,-0.592599266991532,-0.199344846882129,-0.176609081804912,-1.01560105602953,-1.16075165175066,-0.874334814045955,-1.05279004146914,-1.96368909736027,-1.81691831988043,-0.227141882900011,0.0507467202996039,-1.10133750883327,-1.13188005574694,-1.94551081186258,-1.9493359297804,-2.01949034415645,-2.04791047991726,-1.05165911228288,-1.35255133160368,-2.00005999731315,-2.04464425554473,-0.192399476388873,-0.272400624260881,-1.18208146554835,-0.871151140424373,-2.03218298899591,-1.97784525030487,-1.1107125175726,-1.15958391678221,-1.97301443136711,-1.98984613959135,-1.8826885501904,-1.9765359754298,0.000228910146743452,-0.972599031124847,-1.20319358138148,-2.00408752918243,-1.97961242326013,-0.886142140947128,-0.934725961058104,-1.79113492603197,-1.8510192109052,-1.30240555849856,-0.88516905006048,-1.09207240488823,-1.03251802931666,0.121161221108103,-0.575012497638474,-1.23781578016052,-0.939453753184679,-0.875606163734391,-1.04271129008293,-1.10625829217823,-1.20997699391808,7.29637599119662e-05,"BF520","V3",19,"A"
"20",1644,11476,"BF520_V3_20_F","aggaattctacgctgagtAATAATAACACCCGCAAGTCAGTTCATTTGGGCCCGGGTCAGGCGTTCTATGCAACAGGTGATATTATCGGTGAGATCCGTCAGGCACACTGTtgatagcaagcttgcc",-1.01897496380641,-1.14351052951954,-0.914988696445222,-1.03039726405557,-2.0176108605467,-1.96688003762961,-1.99114215285175,-2.02196216979164,-0.377388519829959,-0.590138796194052,-0.204823391327468,-0.175875801302293,-0.973141061120851,-1.14803193107837,-0.870704577903237,-1.04841885963143,-1.95553586473156,-1.80937447918321,-0.226198790323138,0.0505360200333026,-1.09412821929115,-1.11911428330693,-1.93526921458074,-1.94124229147056,-2.00183909125615,-2.03018696618334,-1.03387493931775,-1.33926502414664,-1.99175575279125,-2.03288367233758,-0.202266754375948,-0.271269617493674,-1.17717346601438,-0.883483600624751,-2.02374536988621,-1.9696332413616,-1.11831008368031,-1.15476932701913,-1.95247078764834,-1.97812235096989,-1.87691749675509,-1.9683294025928,2.40958049203634e-05,-0.97412979644621,-1.18026734504736,-1.99576656235744,-1.9713930770188,-0.860330723766167,-0.911638804589466,-1.78064569384421,-1.84151975709267,-1.2934374836404,-0.897891489900466,-1.06757042660028,-1.00904820512394,0.104764138119261,-0.572625047067014,-1.22334598430764,-0.946791194192768,-0.878737920666142,-1.03838195519786,-1.10574028277762,-1.19775408818825,2.93823668359651e-05,"BF520","V3",20,"F"
"21",1664,11494,"BF520_V3_21_Y","aggaattctacgctgagtAATAACACCCGCAAGTCAGTTCATTTGGGCCCGGGTCAGGCGTTCTACGCAACAGGTGATATTATCGGTGAGATCCGTCAGGCACACTGTAATtgatagcaagcttgcc",-0.910789316168657,-1.08294763063956,-0.798855938215748,-0.950001392032624,-1.94651734717444,-1.8827177444303,-1.91174384649673,-1.94149583996124,-0.307312396946536,-0.470923820833462,-0.19785354184754,-0.0745544639893347,-0.844654847841291,-1.08952229719952,-0.742698850045269,-0.937003457789371,-1.87147129290795,-1.73094150932065,-0.0547927163390484,0.222473206757962,-0.984863421669387,-1.02910111199645,-1.86264918794509,-1.86183224482359,-1.92704315562288,-1.94728948671305,-0.947106789329321,-1.31185673124176,-1.91248132612189,-1.95015080723118,-0.0643740429649877,-0.100482732873628,-1.149981154577,-0.798280503440783,-1.94315546338614,-1.88815633747113,-1.07043082377931,-1.06104169211475,-1.88121139081073,-1.8993932623067,-1.79551777885006,-1.88165596723414,0.000746969952531264,-0.924265208025236,-1.11071738610853,-1.91964813141732,-1.89632152436992,-0.783180970376785,-0.794426358010826,-1.69870939681724,-1.75865406874677,-1.22223426958292,-0.794591709269143,-0.944450441699339,-0.945232739171298,0.305939024150125,-0.436926517522883,-1.17039623203254,-0.866323556935243,-0.847619021368653,-0.930291522050268,-1.02262315308743,-1.12133163475863,0.000256356501220583,"BF520","V3",21,"Y"
"22",1676,11504,"BF520_V3_22_A","aggaattctacgctgagtAACACCCGCAAGTCAGTTCATTTGGGCCCGGGTCAGGCGTTCTATGCTACAGGTGATATTATCGGTGAGATCCGTCAGGCACACTGTAATGTGtgatagcaagcttgcc",-0.780997444415587,-0.95776322968352,-0.730083629158514,-0.840771150398527,-1.82356539394278,-1.7506742951399,-1.78221561686173,-1.80755681457957,-0.235039109684688,-0.332785365680268,-0.136363751105441,-0.00233329968244157,-0.648828937884474,-0.932715544286358,-0.572314643289727,-0.741127771889823,-1.75120873371296,-1.6221195796187,0.155327112902042,0.409212285626385,-0.845398260950046,-0.905537095125466,-1.74578594864435,-1.73718119577683,-1.79917179091122,-1.81716992510917,-0.819869644485256,-1.16501610929749,-1.79259589143829,-1.82411529345608,0.0951949914476249,0.0642490803268487,-0.999510150998913,-0.602834481596094,-1.8207880308939,-1.75636086685592,-1.02375354349012,-0.882866367402043,-1.75051212919193,-1.76285820622794,-1.6641007859707,-1.75169779032994,0.000180718536902725,-0.796610213311569,-0.965949228607987,-1.79064712547794,-1.78080479878722,-0.691791516482707,-0.600576971502955,-1.57730804433282,-1.62774515786741,-1.05998890673365,-0.674903453142678,-0.850252148994443,-0.827038720503379,0.496606900952593,-0.369314095704914,-1.04847021232988,-0.811671554574786,-0.749143817987155,-0.764707685244134,-0.900884915126437,-1.0016977656248,9.9773433111673e-05,"BF520","V3",22,"A"
"23",1706,11531,"BF520_V3_23_T","aggaattctacgctgagtACCCGCAAGTCAGTTCATTTGGGCCCGGGTCAGGCGTTCTATGCAACCGGTGATATTATCGGTGAGATCCGTCAGGCACACTGTAATGTGAGTtgatagcaagcttgcc",-0.752471237607032,-0.985208589714363,-0.736567281595363,-0.906556040597966,-1.8129844512551,-1.75115507599507,-1.76971887028011,-1.81252594319458,-0.238133056653854,-0.274246596467148,-0.102119716805311,0.0671075535850234,-0.649931462111146,-0.930522585963134,-0.560791554133428,-0.795545415909567,-1.74857209984007,-1.61017832390802,0.200575774287825,0.461590002459814,-0.814357815221907,-0.896789759426903,-1.74180306263976,-1.74488480448147,-1.79474187350526,-1.809915310046,-0.837906370964518,-1.17364849812819,-1.78389540633493,-1.81741548183501,0.11295923602244,0.0937719681869549,-0.999866145443157,-0.645355699834901,-1.81007840836029,-1.75971866145442,-1.07684957720524,-0.833960245911605,-1.74746531698912,-1.75762550897113,-1.65577707870633,-1.76721556470815,0.000638538830389629,-0.836907770240417,-0.969978098294655,-1.78182919611568,-1.78092287084586,-0.692125880583694,-0.612564195762176,-1.56251316063804,-1.61450588443767,-1.04340637988822,-0.665219315410379,-0.856355549354246,-0.828426942857316,0.539750859655111,-0.32005684352236,-1.04596714104003,-0.787322416459043,-0.720688316064076,-0.77646444094197,-0.885980508277747,-1.07183187541361,0.000295047273900072,"BF520","V3",23,"T"
"24",1716,11540,"BF520_V3_24_G","aggaattctacgctgagtCGCAAGTCAGTTCATTTGGGCCCGGGTCAGGCGTTCTATGCAACAGGTGATATTATCGGTGAGATCCGTCAGGCACACTGTAATGTGAGTAAAtgatagcaagcttgcc",-0.676210826123164,-0.919418643555351,-0.643821453619837,-0.827112732452182,-1.7654311517192,-1.69413002493151,-1.72111442986937,-1.76987503175168,-0.149402215901035,-0.161977470326096,-0.0573720843541685,0.113064169494945,-0.559746681001794,-0.864654760719093,-0.592657712872339,-0.741787197366711,-1.70030045069339,-1.55442596610894,0.245744832392022,0.528784563414208,-0.761419991698371,-0.839894448214775,-1.68927021341394,-1.68705322990096,-1.75265888600686,-1.76865333801788,-0.76988820109917,-1.10335784041901,-1.73277034171491,-1.769416880191,0.153439324859492,0.136887383621146,-0.921372174448811,-0.56302982143901,-1.75665629792604,-1.71820210112428,-1.01500032616737,-0.780915504152367,-1.70643757856179,-1.71953309293325,-1.60537786645547,-1.72791605894181,0.000795161562371991,-0.827048803887739,-0.898880725164393,-1.73052444391079,-1.7326717904907,-0.608895410583109,-0.529116052110829,-1.5217599861986,-1.56219450710955,-0.963699971319071,-0.598244429517929,-0.836840698790255,-0.775363483674035,0.553881189233313,-0.281752960506592,-0.983013707897719,-0.691294590324694,-0.654588557635481,-0.715464442180761,-0.825614766114952,-0.998543386848624,0.000400992854862224,"BF520","V3",24,"G"
"25",1740,11562,"BF520_V3_25_D","aggaattctacgctgagtAAGTCAGTTCATTTGGGCCCGGGTCAGGCGTTCTATGCAACAGGTGACATTATCGGTGAGATCCGTCAGGCACACTGTAATGTGAGTAAAAAGtgatagcaagcttgcc",-0.616410162474212,-0.838742131566431,-0.566309423115376,-0.731198366053083,-1.69444719072351,-1.63035282447348,-1.65678121453272,-1.69649503695229,-0.113868587427765,-0.0683699703262366,0.0116746188514753,0.154567685578879,-0.463458518740454,-0.796820464793656,-0.482277805437631,-0.755047882075908,-1.62503899545602,-1.47429611431438,0.24856485466201,0.561770560388221,-0.690017192522814,-0.80331685951103,-1.61229024353829,-1.62077283091575,-1.67909477886162,-1.691658629892,-0.731583771799016,-1.02783240273067,-1.65815286888528,-1.69667561172806,0.225420062946142,0.118544824454852,-0.848345799302575,-0.519359876983016,-1.68581903100748,-1.65501772694044,-0.990478706323004,-0.686611386633168,-1.64322258839274,-1.64081749850376,-1.52794978944978,-1.6670907448094,2.40958049203634e-05,-0.760239346703617,-0.850988538653633,-1.65579852011123,-1.66484181469443,-0.626081885047097,-0.454191105585401,-1.44400359174788,-1.49906151838704,-0.876906176268569,-0.501432548322642,-0.801375414386148,-0.706059575714647,0.536217875129537,-0.237617599478121,-0.92671726773037,-0.634637443748679,-0.560423199167596,-0.695492467466717,-0.731377864378194,-0.903870331058517,1.37030225251188e-05,"BF520","V3",25,"D"
"26",1771,11590,"BF520_V3_26_I","aggaattctacgctgagtTCAGTTCATTTGGGCCCGGGTCAGGCGTTCTATGCAACAGGTGATATCATCGGTGAGATCCGTCAGGCACACTGTAATGTGAGTAAAAAGGAAtgatagcaagcttgcc",-0.565051513051843,-0.703017105451705,-0.408481018235254,-0.575632503145116,-1.58359176604487,-1.5295131201227,-1.53447908013645,-1.57278009408309,-0.00190491928317626,0.0339154317971883,0.0853357296769553,0.293015894660954,-0.290170658286661,-0.684023247750687,-0.347805253771106,-0.619422476835225,-1.51453761160692,-1.35114040098082,0.321652759766436,0.474149865650194,-0.639496696040388,-0.695955776711721,-1.49241172230549,-1.5040227287977,-1.56702689943595,-1.58449192618695,-0.60048509284866,-0.879737786308496,-1.54369391098485,-1.58193232700005,0.2672852701159,0.221295299958009,-0.748629742085432,-0.386878282194429,-1.57540842162426,-1.53541816741886,-0.857827618086506,-0.569497419355471,-1.54168591482481,-1.51850198200191,-1.42494055954942,-1.54161072131099,4.81916098407267e-05,-0.645156878186089,-0.757211708686465,-1.54492454586697,-1.55027791865465,-0.477086235453076,-0.295361549986824,-1.33439739812393,-1.40821725872945,-0.752758949542591,-0.440734010705611,-0.723066944647002,-0.605464944285729,0.588706288265494,-0.20643141846037,-0.778092939059895,-0.554926119573912,-0.391684004903984,-0.55732017546641,-0.639033357765814,-0.816387186472185,2.51421488947619e-05,"BF520","V3",26,"I"
"27",1794,11610,"BF520_V3_27_I","aggaattctacgctgagtGTTCATTTGGGCCCGGGTCAGGCGTTCTATGCAACAGGTGATATTATCGGTGAGATCCGTCAGGCACACTGTAATGTGAGTAAAAAGGAATGGtgatagcaagcttgcc",-0.448347919331936,-0.649042099835415,-0.382028984648967,-0.520022890556197,-1.4842373592794,-1.42823486797309,-1.43384565088992,-1.47357931673493,0.0828836539303848,0.113949481604785,0.152364981782852,0.385681653570201,-0.247409790252263,-0.584826354248465,-0.254384077789616,-0.501401105244036,-1.43191600275737,-1.26369280311425,0.336959941302167,0.49008983293744,-0.61735733304773,-0.697350972105487,-1.39240380801421,-1.40128765992418,-1.46807023443927,-1.48617180407694,-0.460711982122155,-0.777743512942889,-1.44346564726511,-1.4791474498624,0.341226709808516,0.322457826127098,-0.666263028905826,-0.254167124814143,-1.48684842649691,-1.44116146385104,-0.784148776539581,-0.485629307050707,-1.4373842534497,-1.43792826454068,-1.32496218951622,-1.45343610722511,4.81916098407267e-05,-0.538727310240454,-0.67431328929764,-1.44470991766736,-1.45394514448911,-0.436016559212959,-0.212331588100836,-1.2439751619687,-1.32466755374273,-0.654147349459927,-0.369517424478717,-0.641124832435831,-0.535986380021946,0.695847079891643,-0.134869583956324,-0.698057077421056,-0.465345668915547,-0.287322983032246,-0.454661636030269,-0.564423753707353,-0.694982650306675,5.30229745488825e-05,"BF520","V3",27,"I"
"28",1805,11620,"BF520_V3_28_G","aggaattctacgctgagtCATTTGGGCCCGGGTCAGGCGTTCTATGCAACAGGTGATATTATCGGTGAGATCCGTCAGGCACACTGTAATGTGAGTAAAAAGGAATGGAATtgatagcaagcttgcc",-0.384592134234731,-0.612700196293217,-0.375442492167045,-0.44946363219249,-1.43474552868746,-1.40226648730427,-1.39558040565713,-1.42433907303951,0.132506942078154,0.21215413937093,0.196991199162687,0.452353216098607,-0.190145541006731,-0.515865817025571,-0.287756498302277,-0.453003423859858,-1.37734917060785,-1.21387814222546,0.348781078386839,0.502756920359566,-0.61892500184027,-0.675406649265682,-1.33662578905925,-1.35193706916917,-1.42366071008023,-1.43777029542678,-0.400942601491546,-0.742449958884434,-1.40985417981146,-1.44040376853177,0.344684375486593,0.300820183273543,-0.653083404256251,-0.264738862291339,-1.43769404763813,-1.38687803738322,-0.772321137727118,-0.421662923998652,-1.38750831730474,-1.39368805507471,-1.3150662847984,-1.39952894145839,0.000120479024601817,-0.505726824007837,-0.61153197748956,-1.3905352637056,-1.4079330073805,-0.415761519778319,-0.176647708393371,-1.19258989527529,-1.27212765359382,-0.575739190938128,-0.349639649944968,-0.584254412911683,-0.494098335574875,0.675945270485436,-0.0797808832329274,-0.666552936862328,-0.393496434747652,-0.247234808772761,-0.436686717037531,-0.525051230073766,-0.660007904891926,0.000101363758046422,"BF520","V3",28,"G"
"29",1828,11641,"BF520_V3_29_E","aggaattctacgctgagtTTGGGCCCGGGTCAGGCGTTCTATGCAACAGGTGATATTATCGGTGAAATCCGTCAGGCACACTGTAATGTGAGTAAAAAGGAATGGAACTCGtgatagcaagcttgcc",-0.379377017091747,-0.603016669647835,-0.348010798010979,-0.42724587513146,-1.40885697159104,-1.37948013597271,-1.381419094296,-1.39827520068817,0.126750888082951,0.258164651358376,0.209665598899458,0.449561909527365,-0.162277309833395,-0.482342104945695,-0.287589265660727,-0.450262460810352,-1.3504936697711,-1.18930654684725,0.33645372305712,0.548984428929988,-0.630345294452946,-0.652745225730382,-1.30908423042736,-1.32778285669926,-1.39758540949828,-1.41193269590611,-0.357637795304989,-0.722036365492205,-1.3877359624203,-1.42435554799317,0.364804299913226,0.260236714779611,-0.614026358364442,-0.223098933653176,-1.41185516358784,-1.3601830672559,-0.735272863538737,-0.604668518694526,-1.36542344299418,-1.37226440749546,-1.29020884478141,-1.37304709831184,0,-0.522252617687802,-0.571774923908102,-1.36390190606063,-1.3855988295797,-0.391544058362527,-0.229691207704646,-1.1671684272981,-1.24890351251456,-0.545985881174255,-0.31035543432191,-0.562626562864675,-0.472772116760959,0.723864037447703,-0.0963534262610238,-0.632355362952231,-0.366805320320839,-0.221500294874762,-0.398495370447392,-0.489907245289147,-0.621067514529641,6.59192502239177e-05,"BF520","V3",29,"E"
"30",1860,11670,"BF520_V3_30_I","aggaattctacgctgagtGGCCCGGGTCAGGCGTTCTATGCAACAGGTGATATTATCGGTGAGATCCGTCAGGCACACTGTAATGTGAGTAAAAAGGAATGGAACTCGACAtgatagcaagcttgcc",-0.374688594083205,-0.620521793723528,-0.338958437072825,-0.418418448423155,-1.40281616343625,-1.37335593222931,-1.37530039490892,-1.39220435277606,0.131329757258516,0.268937836113613,0.214021224235313,0.444706952635266,-0.160314376492768,-0.485472004654734,-0.287399832338154,-0.44150037407724,-1.34428717862814,-1.19274680883862,0.317024100632587,0.560583199083388,-0.626032717432647,-0.648574207452248,-1.30276018528324,-1.32151189361491,-1.3915126033922,-1.40590061918322,-0.348612763692442,-0.714045796326367,-1.38583676799324,-1.41835873752822,0.371897129831602,0.243592232434492,-0.60572916808265,-0.213691970245643,-1.40582286676456,-1.35400408258153,-0.727319870426361,-0.596344763177542,-1.35925933481042,-1.36611971958789,-1.28383121578923,-1.36690463232369,7.22874147610901e-05,-0.513694898150159,-0.563357789351441,-1.35773347850532,-1.37949199571444,-0.382615280573981,-0.22030295858554,-1.16044150853991,-1.24782796942747,-0.542813959932924,-0.301196176532779,-0.554183457745222,-0.464073930920096,0.708826189991192,-0.0902240566797217,-0.624110205440277,-0.357806313674178,-0.212088793217309,-0.389586326192114,-0.481257703017255,-0.618167069991074,0.00011692151111062,"BF520","V3",30,"I"
"31",1876,11685,"BF520_V3_31_R","aggaattctacgctgagtCCGGGTCAGGCGTTCTATGCAACAGGTGATATTATCGGTGAGATCCGTCAGGCACACTGTAATGTGAGTAAAAAGGAATGGAACTCGACATTAtgatagcaagcttgcc",-0.375419220063089,-0.626045773967546,-0.347809824343107,-0.431454428646241,-1.40555159213676,-1.3760339147982,-1.37798216909296,-1.39491908892098,0.12575323783617,0.269462252850982,0.211292493660483,0.42532033884971,-0.160626982348041,-0.490359963099262,-0.292486284307649,-0.442361280036277,-1.3469084784292,-1.2102586680787,0.317642283432462,0.536954907746518,-0.639091351797256,-0.657887073263948,-1.30530050930686,-1.33037759010499,-1.39422599065679,-1.40864206243432,-0.359333309248697,-0.715438153654189,-1.38853908763297,-1.42112447355221,0.372622312581198,0.230328714373958,-0.614706308575282,-0.214108660018482,-1.40856415840191,-1.3638619958854,-0.737874570595574,-0.60418539285987,-1.36653135860756,-1.36878359186616,-1.28633462916998,-1.36957003514665,1.20479024601817e-05,-0.514696580198263,-0.56445631181348,-1.36038099798902,-1.38218194333235,-0.383361363237565,-0.220732539489602,-1.17184117641014,-1.25569108993373,-0.54920121733665,-0.301783495589435,-0.555264090671457,-0.464978854304131,0.710208369320395,-0.0940444840010352,-0.625327192393192,-0.358504019963254,-0.222630569715461,-0.390346002082489,-0.488295226224832,-0.6409214344734,0.000140318936330242,"BF520","V3",31,"R"
"32",1912,11717,"BF520_V3_32_Q","aggaattctacgctgagtGGTCAGGCGTTCTATGCAACAGGTGATATTATCGGTGAGATCCGTCAGGCACACTGTAATGTGAGTAAAAAGGAATGGAACTCGACATTACAAtgatagcaagcttgcc",-0.355135969926257,-0.602732804898667,-0.401513998600101,-0.428241765819554,-1.39829644582087,-1.36085773004152,-1.36709267360873,-1.38863193633254,0.112262846915473,0.310099770342732,0.140109895943553,0.352818444471273,-0.145280584736741,-0.495459936402169,-0.266692424075126,-0.555593798385849,-1.33107366493337,-1.1913337208882,0.324357840635475,0.515335778707354,-0.659707878278319,-0.704657699152117,-1.29183653164661,-1.32381548433353,-1.37946119283466,-1.3989072744273,-0.321165941477997,-0.732282198054443,-1.37795065190205,-1.40696794520456,0.374287478237955,0.13665547374192,-0.582313824120583,-0.176725672851251,-1.39412359707272,-1.35210100257171,-0.7830118866956,-0.626185332038474,-1.36059236360467,-1.35874193763502,-1.27539238315855,-1.3646693972135,3.6143707380545e-05,-0.552490528870409,-0.585812673053845,-1.34912054816897,-1.37126110348465,-0.355415372660381,-0.243119820650528,-1.16139094983614,-1.2461225818055,-0.569820405047163,-0.297449779112569,-0.555907831500892,-0.445977143263546,0.595332070637864,-0.105781640829987,-0.621735029123631,-0.449315903719194,-0.243515355901427,-0.385327881174311,-0.459281155994431,-0.66972149357859,0.00012009057659741,"BF520","V3",32,"Q"
"33",1920,11724,"BF520_V3_33_A","aggaattctacgctgagtCAGGCGTTCTATGCAACAGGTGATATTATCGGTGAGATCCGTCAGGCTCACTGTAATGTGAGTAAAAAGGAATGGAACTCGACATTACAAAAGtgatagcaagcttgcc",-0.311293380321367,-0.614822039094573,-0.42751183709079,-0.394766519313793,-1.39169135182083,-1.34216406810388,-1.35290364474377,-1.37063279203658,0.115827117963347,0.314376802609412,0.127085776509416,0.359166823137348,-0.128187457838132,-0.488176036255361,-0.220638228412324,-0.516763827209029,-1.31163522712556,-1.17370689835132,0.277349469066447,0.520482520086758,-0.710339509467066,-0.737042999265663,-1.28838969327223,-1.30419554954898,-1.36123272630066,-1.3811650736964,-0.350145955677132,-0.697870470530219,-1.36409702527406,-1.38942730839956,0.344340594955921,0.187995559824323,-0.58092441050708,-0.13676209400512,-1.38025491451128,-1.34075381930343,-0.78817548953766,-0.596120114260793,-1.34673628256793,-1.35085732654419,-1.25456158756023,-1.34607104925414,0,-0.526687598290203,-0.591940770679394,-1.33013338801976,-1.36548533167674,-0.395899984846811,-0.236649400183871,-1.14249800998166,-1.23594297253758,-0.559273990367883,-0.339626387815955,-0.544494706868816,-0.425901305469151,0.559644175597895,-0.101544980400718,-0.618712344672334,-0.407828363429727,-0.255270913573405,-0.451520918232754,-0.424435781356221,-0.633745382450401,8.91294692094045e-05,"BF520","V3",33,"A"
"34",1957,11758,"BF520_V3_34_H","aggaattctacgctgagtGCGTTCTATGCAACAGGTGATATTATCGGTGAGATCCGTCAGGCACACTGTAATGTGAGTAAAAAGGAATGGAACTCGACATTACAAAAGGTCtgatagcaagcttgcc",-0.313297478017471,-0.60163398187916,-0.302086846657401,-0.256104469561581,-1.38054477212045,-1.3261744953882,-1.3167472435407,-1.35092770606482,0.0614669639719889,0.305056646294878,0.105236873432646,0.4122858371293,-0.0127527121165594,-0.405752949638213,-0.110488552045885,-0.567756042038013,-1.29872377993854,-1.17059019799063,0.31390356294784,0.55984962280083,-0.689637706338269,-0.730440644815124,-1.26010978489021,-1.30656510493989,-1.33678460893285,-1.35353360831524,-0.424092707789534,-0.641910925408632,-1.35863294619349,-1.39730288785691,0.263492290841533,0.145776955980425,-0.462896360728146,-0.173134845771767,-1.37380095965414,-1.32426817293888,-0.789966515310133,-0.545297569863267,-1.32604893586974,-1.33862753845074,-1.22167181125459,-1.30914981191809,2.40958049203634e-05,-0.446617013537177,-0.551030640779057,-1.33035905315648,-1.3495035085158,-0.340860969107071,-0.125794217657453,-1.13603480904799,-1.23415902039515,-0.533652110638175,-0.333062197730118,-0.457030446083515,-0.395923089209442,0.603932547064688,-0.0697349396087115,-0.581749223120436,-0.354095717765525,-0.279217759312065,-0.425411409705803,-0.376759132612752,-0.611270791776789,0.00014157729501879,"BF520","V3",34,"H"
"35",1974,11773,"BF520_V3_35_C","aggaattctacgctgagtTTCTATGCAACAGGTGATATTATCGGTGAGATCCGTCAGGCACACTGCAATGTGAGTAAAAAGGAATGGAACTCGACATTACAAAAGGTCGCCtgatagcaagcttgcc",-0.235222517054291,-0.518719457153871,-0.306591945729121,-0.179578461888239,-1.32444796122818,-1.25950475914106,-1.24973048114398,-1.29516866613142,0.0734933764009059,0.334585952508057,0.110545121261338,0.513579839921807,0.102265335131627,-0.386168614345186,-0.00453761393038596,-0.473168197747792,-1.23682160306477,-1.10431030882372,0.321222663378051,0.631218964112092,-0.685367489452727,-0.695332121924708,-1.20274858205903,-1.24677306020355,-1.27609174331364,-1.29342971484982,-0.324216478875153,-0.55005279324068,-1.29315803653909,-1.34508400042013,0.311517049723995,0.211290908107741,-0.397421509985848,-0.0784435721831661,-1.30888439907038,-1.26188925551739,-0.736680538961527,-0.490230906429798,-1.26495933390379,-1.27241621061935,-1.15115523133751,-1.24185338080293,2.40958049203634e-05,-0.352605911958544,-0.511419499718571,-1.27393436426232,-1.29828528101197,-0.237920900352183,-0.061251880987937,-1.07340702851408,-1.17722535403302,-0.457127161981482,-0.301010603375934,-0.376423275797262,-0.334659797239102,0.741651368032633,-0.084532970117621,-0.521425987849377,-0.256724061544008,-0.174008545095887,-0.325583723469165,-0.2972513372265,-0.531304887144941,3.33794022838723e-05,"BF520","V3",35,"C"
