"","id","Virus_Protein_Loc_AA","Oligo","X006.10ng.1","X006.10ng.2","X016.10ng.1","X016.10ng.2","X067.10ng.1","X067.10ng.2","X072.10ng.1","X072.10ng.2","X14639.10ug.1","X14639.10ug.2","X14639.2ug.1","X14639.2ug.2","X167D.10ng.1","X167D.10ng.2","X221.10ng.1","X221.10ng.2","X240D.10ng.1","X240D.10ng.2","X2988.2ug.1","X2988.2ug.2","X44752D.10ng.1","X44752D.10ng.2","X5069.10ng.1","X5069.10ng.2","X5C2.10ng.1","X5C2.10ng.2","X5F3.10ng.1","X5F3.10ng.2","X5F4.10ng.1","X5F4.10ng.2","X6305.2ug.1","X6305.2ug.2","X6F11.10ng.1","X6F11.10ng.2","X7B6.10ng.1","X7B6.10ng.2","X8B10.10ng.1","X8B10.10ng.2","X8F6.10ng.1","X8F6.10ng.2","X9577.2ug.1","X9577.2ug.2","beads.only.2","BF5201.10ng.1","BF5201.10ng.2","F240.10ng.1","F240.10ng.2","Fi6v3.10ng.1","Fi6v3.10ng.2","HIVIG.10ng.1","HIVIG.10ng.2","PGT151.10ng.1","PGT151.10ng.2","QA0132.10ng.1","QA0132.10ng.2","QA255.2ug.1","QA255.2ug.2","vFP1602.10ng.1","vFP1602.10ng.2","vFP2001.10ng.1","vFP2001.10ng.2","VRC034.10ng.1","VRC034.10ng.2","meaninput","Virus","Protein","Locus","AA"
"1219","11093","BF520_V3_1_C","aggaattctacgctgagtGCCAAGAATATTATTGTCCAACTGGCTTCCCCTGTAACCATTAATTGCATTCGTCCTAATAATAACACCCGCAAGTCAGTTCATTTGGGCCCGtgatagcaagcttgcc",0.000451411687458963,0.000309991010260702,0.000470832883753323,0.000165863367611763,1.69897551776279e-05,7.02641933670601e-05,0,1.98202305092808e-05,0.000174631004687096,5.50393072385862e-05,7.53556788039547e-05,0.000116430248578581,0.000173653953369344,0.000179367117287214,0.00029270513751721,0.000127353384416191,4.58111435606711e-05,3.6374217954314e-05,9.12716884349644e-06,0.000118427285646613,7.5612222715802e-05,9.63864711949031e-05,6.20559123770517e-05,1.50631900823956e-05,2.2145451324298e-05,0,0.000168350168350168,0.0001099898259411,1.00833896322588e-05,2.34535326883612e-05,2.86771242579794e-05,2.19380032029485e-05,0.000186732645534756,0.000181057566776889,3.64993475741621e-05,6.91521087071149e-05,0.000120361961243448,0.000303902751119642,1.10696613790584e-05,1.24104893455949e-05,7.33406674000733e-05,4.88209734902114e-05,9.63832196814535e-05,0.000409259240774199,0.000238746763144846,4.00032002560205e-05,2.89245839680673e-05,0.000215351135693884,0.000275403063859085,6.56548524407191e-05,1.30059307044012e-05,0.000165928497581273,9.40523636534641e-05,0.000241584796263488,0.000176829447997406,5.69772742072019e-05,2.61882938326568e-05,5.57463318913615e-05,9.06444822689321e-05,0.000327502971786225,0.000597157530156455,0.000219131654297902,0.000245170780804418,0.000202594340463487,"BF520","V3",1,"C"
"1239","11110","BF520_V3_2_I","aggaattctacgctgagtAAGAATATTATTGTCCAACTGGCTTCCCCTGTAACCATTAATTGTATCCGTCCTAATAATAACACCCGCAAGTCAGTTCATTTGGGCCCGGGTtgatagcaagcttgcc",5.12967826657912e-05,3.09991010260702e-05,9.80901841152756e-05,7.80533494643589e-05,0,0,0,1.98202305092808e-05,5.58819214998708e-05,0,3.01422715215819e-05,0,9.13968175628125e-06,0.000113284495128767,0,0,2.29055717803356e-05,1.21247393181047e-05,0,9.86894047055108e-06,0,6.74705298364322e-05,0,0,0,1.10180696342001e-05,0.000204425204425204,0,0,1.17267663441806e-05,4.77952070966323e-05,0,8.402969049064e-05,1.90586912396726e-05,9.12483689354053e-06,0,3.28259894300314e-05,0,1.10696613790584e-05,0,0,0,0,3.99277308072389e-05,9.1825678132633e-06,0,0,0.000136011243596137,4.59005106431809e-05,4.37699016271461e-05,1.30059307044012e-05,3.82911917495246e-05,4.7026181826732e-05,3.57903401871835e-05,2.94715746662344e-05,0,0,7.80448646479062e-05,0.000100716091409925,4.85189587831445e-05,3.25722289176248e-05,4.38263308595804e-05,0,4.16166556729827e-05,"BF520","V3",2,"I"
"1255","11125","BF520_V3_3_R","aggaattctacgctgagtAATATTATTGTCCAACTGGCTTCCCCTGTAACCATTAATTGTATTCGTCCTAATAATAACACCCGCAAGTCAGTTCATTTGGGCCCGGGTCAGtgatagcaagcttgcc",1.02593565331582e-05,0,0,0,0,0,0,0,6.98524018748385e-06,0,1.50711357607909e-05,1.94050414297635e-05,2.74190452688437e-05,0,0,0,0,0,0,9.86894047055108e-06,0,0,0,0,0,0,0,2.74974564852751e-05,0,2.34535326883612e-05,2.86771242579794e-05,0,0,0,0,0,1.09419964766771e-05,1.59948816378759e-05,0,2.48209786911898e-05,0,8.13682891503523e-06,1.20479024601817e-05,1.99638654036194e-05,9.1825678132633e-06,0,0,0,2.29502553215905e-05,1.09424754067865e-05,0,0,0,0,2.94715746662344e-05,0,0,0,1.00716091409925e-05,0,4.34296385568331e-05,1.46087769531935e-05,1.29037253054957e-05,6.017749110087e-06,"BF520","V3",3,"R"
"1292","11159","BF520_V3_4_P","aggaattctacgctgagtATTATTGTCCAACTGGCTTCCCCTGTAACCATTAATTGTATTCGTCCGAATAATAACACCCGCAAGTCAGTTCATTTGGGCCCGGGTCAGGCGtgatagcaagcttgcc",0,0,0,8.78100181474037e-05,0,1.7566048341765e-05,0,0,1.39704803749677e-05,0,3.01422715215819e-05,0,2.74190452688437e-05,1.88807491881278e-05,2.16818620383119e-05,0,0,0,9.12716884349644e-06,0,0,0,0,0,0,0,0,0,0,0,3.82361656773059e-05,0,0,5.71760737190177e-05,0,0,4.37679859067085e-05,1.59948816378759e-05,0,0,1.46681334800147e-05,0,2.40958049203634e-05,1.99638654036194e-05,5.50954068795798e-05,1.00008000640051e-05,0,0,2.29502553215905e-05,0,0,1.27637305831749e-05,7.05392727400981e-05,0,9.82385822207814e-06,5.69772742072019e-05,0,0,4.02864365639698e-05,7.27784381747168e-05,0,2.9217553906387e-05,1.29037253054957e-05,1.84952204404006e-05,"BF520","V3",4,"P"
"1302","11168","BF520_V3_5_N","aggaattctacgctgagtATTGTCCAACTGGCTTCCCCTGTAACCATTAATTGTATTCGTCCTAACAATAACACCCGCAAGTCAGTTCATTTGGGCCCGGGTCAGGCGTTCtgatagcaagcttgcc",0.000123112278397899,0.000258325841883919,0.000117708220938331,0.000214646711026987,4.24743879440697e-05,8.78302417088252e-06,1.98747888303687e-05,9.91011525464041e-06,0.000384188210311612,0.000174291139588856,0.000632987701953219,0.000320183183591097,6.39777722939687e-05,0.000264330488633789,8.67274481532474e-05,0.000106127820346826,1.14527858901678e-05,6.06236965905233e-05,7.30173507479715e-05,0.000128296226117164,0.000103966806234228,0.000163857001031335,5.42989233299203e-05,3.01263801647913e-05,3.3218176986447e-05,0,0.000192400192400192,0.000329969477823301,2.01667792645176e-05,0,0.000191180828386529,6.58140096088454e-05,0.000364128658792773,0.000228704294876071,9.12483689354053e-06,1.72880271767787e-05,0.00030637590134696,0.000143953934740883,5.53483068952921e-05,2.48209786911898e-05,3.66703337000367e-05,0,0.000698778342690538,0.000329403779159721,0.000220381627518319,3.00024001920154e-05,3.8566111957423e-05,0.000260688216892596,0.000114751276607952,5.47123770339326e-05,3.90177921132036e-05,0.000191455958747623,0.000164591636393562,6.26330953275711e-05,0.000275068030218188,4.06980530051442e-05,0.000122212037885732,0.000267582393078535,0.000231647010242826,0.000412411149656728,0.000119431506031291,0.000189914100391515,0.000193555879582435,0.00020623818655416,"BF520","V3",5,"N"
"1324","11188","BF520_V3_6_N","aggaattctacgctgagtGTCCAACTGGCTTCCCCTGTAACCATTAATTGTATTCGTCCTAATAACAACACCCGCAAGTCAGTTCATTTGGGCCCGGGTCAGGCGTTCTATtgatagcaagcttgcc",0.000215446487196323,0.000196327639831778,0.000431596810107213,0.000273186723125256,3.39795103552558e-05,1.7566048341765e-05,1.98747888303687e-05,0,0.000516907773873805,0.000275196536192931,0.000572703158910056,0.00056274620146314,1.82793635125625e-05,9.44037459406389e-05,0.000119250241210715,0,5.72639294508389e-05,0.000121247393181047,0.00012778036380895,0.000256592452234328,0.000170127501110555,0.000212050236628787,6.98129014241832e-05,4.5189570247187e-05,2.2145451324298e-05,1.10180696342001e-05,0.000216450216450216,8.24923694558253e-05,5.04169481612939e-05,2.34535326883612e-05,0.000286771242579794,0.000263256038435382,0.000102702955044116,2.85880368595089e-05,3.64993475741621e-05,1.72880271767787e-05,0.000448621855543763,3.19897632757518e-05,2.21393227581168e-05,0,3.66703337000367e-05,2.44104867451057e-05,0.000807209464832173,0.000219602519439814,0.000128555949385686,2.00016001280102e-05,6.74906959254903e-05,0.000362696649589699,3.44253829823857e-05,8.75398032542922e-05,4.55207574654042e-05,5.10549223326994e-05,0.000270400545503709,0.000322113061684651,0.000245596455551953,0.000260467539232923,0.000506307014098032,0.000189537528430629,0.000463294020485653,0.000327502971786225,9.77166867528745e-05,0.000219131654297902,0.000206459604887931,0.000196223401996165,"BF520","V3",6,"N"
"1347","11208","BF520_V3_7_N","aggaattctacgctgagtCAACTGGCTTCCCCTGTAACCATTAATTGTATTCGTCCTAATAATAACACCCGCAAGTCAGTTCATTTGGGCCCGGGTCAGGCGTTCTATGCAtgatagcaagcttgcc",9.23342087984242e-05,0.000237659774533205,0.000205989386642079,0.000370753409955705,0,4.39151208544126e-05,0,4.95505762732021e-05,0.000265439127124386,6.42125251116839e-05,0.0001657824933687,7.76201657190538e-05,0.000201072998638187,0.000151045993505022,0.000173454896306495,0.000350221807144525,3.43583576705033e-05,2.42494786362093e-05,0.000173416208026432,0.000187509868940471,7.5612222715802e-05,0.000134941059672864,3.10279561885259e-05,6.77843553707804e-05,2.2145451324298e-05,1.10180696342001e-05,0.000228475228475228,0.000151236010669013,1.00833896322588e-05,1.17267663441806e-05,0.000248535076902488,0.00020841103042801,0.000149386116427804,0.00033352709669427,0,5.18640815303362e-05,0.00030637590134696,1.59948816378759e-05,3.32089841371752e-05,2.48209786911898e-05,2.93362669600293e-05,8.95051180653876e-05,0.00028914965904436,0.000299457981054292,0.000165286220638739,1.00008000640051e-05,3.8566111957423e-05,0.000192682595094528,0.0002409776808767,2.1884950813573e-05,1.95088960566018e-05,8.9346114082224e-05,0.000164591636393562,0.000187899285982713,0.000176829447997406,0.000227909096828808,8.72943127755227e-05,0.000133791196539268,0.000100716091409925,9.7037917566289e-05,0.000217148192784166,0.000116870215625548,0.00036130430855388,0.000140915308180773,"BF520","V3",7,"N"
"1373","11231","BF520_V3_8_T","aggaattctacgctgagtCTGGCTTCCCCTGTAACCATTAATTGTATTCGTCCTAATAATAACACCCGCAAGTCAGTTCATTTGGGCCCGGGTCAGGCGTTCTATGCAACAtgatagcaagcttgcc",0.000123112278397899,0.000113663370428924,7.84721472922205e-05,8.78100181474037e-05,2.54846327664418e-05,8.78302417088252e-06,2.9812183245553e-05,3.96404610185616e-05,0.000174631004687096,0.000100905396604075,0.000324029418857005,0.000349290745735742,0.000100536499319094,0.000122724869722831,0.000466160033823705,0.000180417294589604,3.43583576705033e-05,3.6374217954314e-05,0.000374213922583354,0.000355281856939839,0.00017957902895003,0.000154218353911845,2.32709671413944e-05,7.53159504119782e-06,4.4290902648596e-05,4.40722785368004e-05,0.000132275132275132,6.87436412131878e-05,2.01667792645176e-05,2.34535326883612e-05,0.000372802615353732,0.00036197705284865,7.46930582139022e-05,0.000123881493057872,9.12483689354053e-06,5.18640815303362e-05,0.000109419964766771,0.000175943698016635,5.53483068952921e-05,6.20524467279745e-05,4.4004400440044e-05,5.69578024052466e-05,0.000469868195947086,0.000299457981054292,0.000101008245945896,2.00016001280102e-05,2.89245839680673e-05,0.000113342702996781,0.000126226404268748,8.75398032542922e-05,4.55207574654042e-05,6.38186529158743e-05,0.000164591636393562,0.000268427551403876,0.000176829447997406,0.000520935078465846,0.000305530094714329,0.000111492663782723,6.04296548459547e-05,0.00015768661604522,0.000162861144588124,0.000146087769531935,7.74223518329742e-05,0.000169790086919112,"BF520","V3",8,"T"
"1388","11245","BF520_V3_9_R","aggaattctacgctgagtGCTTCCCCTGTAACCATTAATTGTATTCGTCCTAATAATAACACCCGTAAGTCAGTTCATTTGGGCCCGGGTCAGGCGTTCTATGCAACAGGTtgatagcaagcttgcc",0.000153890347997374,7.23312357274972e-05,0.000107899202526803,3.90266747321794e-05,1.69897551776279e-05,4.39151208544126e-05,3.97495776607374e-05,9.91011525464041e-06,0.00027242436731187,0.000110078614477172,0.000188389197009887,0.00028137310073157,6.39777722939687e-05,0.000113284495128767,2.16818620383119e-05,0.000350221807144525,1.14527858901678e-05,1.21247393181047e-05,0.000401595429113843,0.000345412916469288,0.000113418334073703,0.000202411589509296,7.75698904713146e-06,3.76579752059891e-05,1.1072725662149e-05,0,0.000204425204425204,6.87436412131878e-05,1.00833896322588e-05,1.17267663441806e-05,0.000200739869805856,0.000449729065660444,9.33663227673778e-05,0.000209645603636398,1.82496737870811e-05,4.32200679419468e-05,0.000218839929533543,4.79846449136276e-05,4.42786455162337e-05,0,1.46681334800147e-05,4.88209734902114e-05,0.000385532878725814,0.000119783192421717,0.000165286220638739,1.00008000640051e-05,2.89245839680673e-05,0.000374030919889378,0.000126226404268748,2.1884950813573e-05,5.85266881698054e-05,5.10549223326994e-05,5.8782727283415e-05,0.000205794456076305,0.000117886298664938,0.000488376636061731,0.000235694644493911,0.000133791196539268,0.000161145746255879,6.06486984789306e-05,0.000260577831340999,4.38263308595804e-05,2.58074506109914e-05,9.72007394754146e-05,"BF520","V3",9,"R"
"1412","11267","BF520_V3_10_K","aggaattctacgctgagtTCCCCTGTAACCATTAATTGTATTCGTCCTAATAATAACACCCGCAAATCAGTTCATTTGGGCCCGGGTCAGGCGTTCTATGCAACAGGTGATtgatagcaagcttgcc",0.000359077478660538,0.000103330336753567,8.8281165703748e-05,6.8296680781314e-05,3.39795103552558e-05,7.02641933670601e-05,9.93739441518434e-06,0,0.000279409607499354,0.000311889407685322,0.00039938509766096,0.000252265538586925,6.39777722939687e-05,0.00016992674269315,0.000162613965287339,0.000116740602381508,4.58111435606711e-05,3.6374217954314e-05,0.000438104104487829,0.0009079425232907,0.000349706530060584,0.000183134295270316,2.32709671413944e-05,3.01263801647913e-05,3.3218176986447e-05,4.40722785368004e-05,0.000132275132275132,4.12461847279127e-05,3.02501688967763e-05,2.34535326883612e-05,0.000516188236643629,0.000340039049645701,0.000196069277811493,0.000161998875537217,3.64993475741621e-05,1.72880271767787e-05,8.75359718134171e-05,0.000175943698016635,6.64179682743505e-05,1.24104893455949e-05,8.06747341400807e-05,0,0.000590347220548902,0.000169692855930765,0.000211199059705056,4.00032002560205e-05,2.89245839680673e-05,0.000102008432697103,0.000103276148947157,7.65973278475057e-05,0.000117053376339611,0.000127637305831749,0.00035269636370049,0.00025947996635708,0.000216124880885719,0.000537214299667904,0.000471389288987822,5.57463318913615e-05,0.000282005055947789,6.06486984789306e-05,0.000119431506031291,0.000233740431251096,0.000219363330193427,0.000157113824971954,"BF520","V3",10,"K"
"1433","11286","BF520_V3_11_S","aggaattctacgctgagtCCTGTAACCATTAATTGTATTCGTCCTAATAATAACACCCGCAAGTCTGTTCATTTGGGCCCGGGTCAGGCGTTCTATGCAACAGGTGATATTtgatagcaagcttgcc",6.15561391989494e-05,0.000206660673507135,0.000304079570757354,0.000214646711026987,8.49487758881394e-06,8.78302417088252e-06,9.93739441518434e-06,9.91011525464041e-06,0.000195586725249548,0.000210984011081247,0.00024867374005305,0.000203752935012516,0.000274190452688437,9.44037459406389e-05,0.000140932103249027,5.30639101734129e-05,5.72639294508389e-05,6.06236965905233e-05,0.000401595429113843,0.000414495499763145,0.000292997363023733,0.000346991296301651,1.55139780942629e-05,7.53159504119782e-06,1.1072725662149e-05,1.10180696342001e-05,0,6.87436412131878e-05,1.00833896322588e-05,0,0.000248535076902488,0.000175504025623588,0.000130712851874329,3.81173824793451e-05,3.64993475741621e-05,2.59320407651681e-05,0.000142245954196803,0.000143953934740883,0,6.20524467279745e-05,2.2002200220022e-05,4.06841445751762e-05,0.000409628683646177,7.98554616144778e-05,0.000128555949385686,1.00008000640051e-05,1.92830559787115e-05,0.000260688216892596,0.000172126914911928,5.47123770339326e-05,6.5029653522006e-05,8.9346114082224e-05,0.000188104727306928,0.000134213775701938,0.000176829447997406,0.000195350654424692,0.000209506350661254,0.000133791196539268,0.000130930918832902,0.000109167657262075,9.77166867528745e-05,0.000160696546485128,2.58074506109914e-05,9.50584345665868e-05,"BF520","V3",11,"S"
"1453","11303","BF520_V3_12_V","aggaattctacgctgagtGTAACCATTAATTGTATTCGTCCTAATAATAACACCCGCAAGTCAGTTCATTTGGGCCCGGGTCAGGCGTTCTATGCAACAGGTGATATTATCtgatagcaagcttgcc",5.12967826657912e-05,0.000103330336753567,0.000196180368230551,2.92700060491346e-05,8.49487758881394e-06,7.02641933670601e-05,3.97495776607374e-05,9.91011525464041e-06,0.000125734323374709,9.1732178730977e-06,0.000143175789727514,0.000106727727863699,8.22571358065312e-05,2.83211237821917e-05,0.000303546068536366,8.49022562774606e-05,0,2.42494786362093e-05,0.000237306389930907,0.000246723511763777,0.00019848208462898,0.000134941059672864,0,1.50631900823956e-05,2.2145451324298e-05,1.10180696342001e-05,6.01250601250601e-05,9.62410976984629e-05,5.04169481612939e-05,3.51802990325418e-05,0.000258094118321815,0.000318101046442753,0.000158722748704542,0.000247762986115743,9.12483689354053e-06,0,0.00015318795067348,4.79846449136276e-05,1.10696613790584e-05,2.48209786911898e-05,0.000117345067840117,0,0.000240958049203634,0.000119783192421717,3.67302712530532e-05,0,1.92830559787115e-05,0.000158679784195493,0.000137701531929543,2.1884950813573e-05,1.30059307044012e-05,0,0.000164591636393562,5.36855102807752e-05,9.82385822207814e-05,0.000341863645243212,9.60237440530749e-05,0.000111492663782723,3.02148274229774e-05,0.000121297396957861,0.000162861144588124,0.000102261438672354,0.000103229802443966,7.50172810678893e-05,"BF520","V3",12,"V"
"1491","11338","BF520_V3_13_H","aggaattctacgctgagtACCATTAATTGTATTCGTCCTAATAATAACACCCGCAAGTCAGTTCACTTGGGCCCGGGTCAGGCGTTCTATGCAACAGGTGATATTATCGGTtgatagcaagcttgcc",9.23342087984242e-05,7.23312357274972e-05,3.92360736461102e-05,4.87833434152243e-05,0,8.78302417088252e-06,2.9812183245553e-05,0,0.000139704803749677,1.83464357461954e-05,9.79623824451411e-05,0.000145537810723226,4.56984087814062e-05,1.88807491881278e-05,0.000108409310191559,9.55150383121431e-05,0,1.21247393181047e-05,0.000164289039182936,2.96068214116532e-05,0.000122869861913178,3.85545884779612e-05,0,7.53159504119782e-06,0,0,0,4.12461847279127e-05,1.00833896322588e-05,2.34535326883612e-05,8.60313727739382e-05,0.000230349033630959,0,9.52934561983629e-06,0,0,0,0.00054382597568778,1.10696613790584e-05,1.24104893455949e-05,7.33406674000733e-06,0,0.000120479024601817,0.000139747057825336,0,0,9.64152798935575e-06,4.53370811987124e-05,0.0002409776808767,1.09424754067865e-05,1.30059307044012e-05,2.55274611663497e-05,1.1756545456683e-05,4.47379252339793e-05,4.91192911103907e-05,3.25584424041154e-05,0.000157129762995941,1.11492663782723e-05,4.02864365639698e-05,4.85189587831445e-05,1.08574096392083e-05,1.46087769531935e-05,0,4.05455032185689e-05,"BF520","V3",13,"H"
"1510","11355","BF520_V3_14_L","aggaattctacgctgagtATTAATTGTATTCGTCCTAATAATAACACCCGCAAGTCAGTTCATCTGGGCCCGGGTCAGGCGTTCTATGCAACAGGTGATATTATCGGTGAGtgatagcaagcttgcc",1.02593565331582e-05,6.19982020521405e-05,0,0,0,0,0,0,1.39704803749677e-05,0,1.50711357607909e-05,3.88100828595269e-05,1.82793635125625e-05,2.83211237821917e-05,2.16818620383119e-05,0,0,2.42494786362093e-05,7.30173507479715e-05,0,9.45152783947525e-06,9.63864711949031e-06,0,0,0,0,0,0,1.00833896322588e-05,0,9.55904141932647e-06,6.58140096088454e-05,0,0,0,0,0,0,0,0,0,0,2.40958049203634e-05,0,0,0,0,0,0,0,1.30059307044012e-05,1.27637305831749e-05,0,0,0,6.51168848082308e-05,8.72943127755227e-06,0,0,0,0,0,1.29037253054957e-05,6.81291157746159e-06,"BF520","V3",14,"L"
"1516","11360","BF520_V3_15_G","aggaattctacgctgagtAATTGTATTCGTCCTAATAATAACACCCGCAAGTCAGTTCATTTGGGTCCGGGTCAGGCGTTCTATGCAACAGGTGATATTATCGGTGAGATCtgatagcaagcttgcc",0,1.03330336753567e-05,1.96180368230551e-05,2.92700060491346e-05,0,0,0,0,1.39704803749677e-05,0,7.53556788039547e-06,4.85126035744086e-05,0,9.44037459406389e-06,1.08409310191559e-05,0,0,3.6374217954314e-05,0,5.92136428233065e-05,2.83545835184258e-05,1.92772942389806e-05,0,1.50631900823956e-05,0,0,2.4050024050024e-05,0,0,0,0,3.29070048044227e-05,1.86732645534756e-05,0,0,1.72880271767787e-05,2.18839929533543e-05,1.59948816378759e-05,1.10696613790584e-05,0,0,0,0,0,0,0,0,0,0,2.1884950813573e-05,1.30059307044012e-05,1.27637305831749e-05,0,0,0,0,8.72943127755227e-06,0,0,2.42594793915723e-05,0,1.46087769531935e-05,5.16149012219828e-05,4.67060666863381e-06,"BF520","V3",15,"G"
"1558","11399","BF520_V3_16_P","aggaattctacgctgagtTGTATTCGTCCTAATAATAACACCCGCAAGTCAGTTCATTTGGGCCCGGGTCAGGCGTTCTATGCAACAGGTGATATTATCGGTGAGATCCGTtgatagcaagcttgcc",4.1037426132633e-05,2.06660673507135e-05,0.000215798405053606,7.80533494643589e-05,1.69897551776279e-05,0,9.93739441518434e-06,1.98202305092808e-05,0.000146690043937161,2.75196536192931e-05,0.000286351579455028,0.000300778142161334,6.39777722939687e-05,9.44037459406389e-05,3.25227930574678e-05,0.000350221807144525,0,0,0.000109526026121957,0.000187509868940471,0.000122869861913178,0.000183134295270316,7.75698904713146e-06,2.25947851235935e-05,0,1.10180696342001e-05,0,0.0001099898259411,1.00833896322588e-05,0,0.000124267538451244,0.000340039049645701,0,9.52934561983629e-06,0,8.64401358838936e-06,0.000175071943626834,0.000127959053103007,2.21393227581168e-05,1.24104893455949e-05,1.46681334800147e-05,2.44104867451057e-05,0.000108431122141635,0.000169692855930765,0.000128555949385686,1.00008000640051e-05,9.64152798935575e-06,2.26685405993562e-05,0.000149176659590338,2.1884950813573e-05,1.95088960566018e-05,0.000127637305831749,8.22958181967811e-05,8.05282654211628e-05,3.92954328883126e-05,0.000415120140652471,0.000130941469163284,6.68955982696339e-05,0.000302148274229774,0.000145556876349434,7.60018674744579e-05,1.46087769531935e-05,0.000141940978360453,5.29669982897211e-05,"BF520","V3",16,"P"
"1561","11400","BF520_V3_17_G","aggaattctacgctgagtATTCGTCCTAATAATAACACCCGCAAGTCAGTTCATTTGGGCCCGGGTCAGGCGTTCTATGCAACAGGTGATATTATCGGTGAGATCCGTCAGtgatagcaagcttgcc",0,0.000113663370428924,0.000156944294584441,1.95133373660897e-05,2.54846327664418e-05,0,9.93739441518434e-06,0,0.000118749083187225,0.000128425050223368,0.000158246925488305,0.000126132769293462,7.311745405025e-05,7.55229967525111e-05,0,0,0,1.21247393181047e-05,0.000246433558774404,0.000138165166587715,0.00019848208462898,0.000154218353911845,3.87849452356573e-05,0,0,0,0.000168350168350168,0,1.00833896322588e-05,0,0.000210298911225182,1.09690016014742e-05,8.402969049064e-05,1.90586912396726e-05,9.12483689354053e-06,1.72880271767787e-05,8.75359718134171e-05,1.59948816378759e-05,1.10696613790584e-05,2.48209786911898e-05,0,0,0.000120479024601817,2.99457981054292e-05,0.000101008245945896,0,2.89245839680673e-05,0.000192682595094528,9.18010212863618e-05,1.09424754067865e-05,2.60118614088024e-05,6.38186529158743e-05,0.000199861272763611,6.26330953275711e-05,4.91192911103907e-05,0.000236048707429837,0.000104753175330627,7.80448646479062e-05,0,0.000133427136653647,0.00024972042170179,1.46087769531935e-05,0,5.71416012434377e-05,"BF520","V3",17,"G"
"1601","11437","BF520_V3_18_Q","aggaattctacgctgagtCGTCCTAATAATAACACCCGCAAGTCAGTTCATTTGGGCCCGGGTCAGGCGTTCTATGCAACAGGTGATATTATCGGTGAGATCCGTCAGGCAtgatagcaagcttgcc",0.000318040052527905,0.000216993707182492,2.94270552345827e-05,9.75666868304486e-06,4.24743879440697e-05,4.39151208544126e-05,0,2.97303457639212e-05,0.000523893014061288,0.000477007329401081,0.000459669640704123,0.000358993266450624,0.000118815862831656,0.000103844120534703,0.000108409310191559,0.00037144737121389,5.72639294508389e-05,0.000109122653862942,0.000374213922583354,0.000424364440233696,0.00017957902895003,0.000202411589509296,3.10279561885259e-05,9.03791404943739e-05,2.2145451324298e-05,1.10180696342001e-05,0.000456950456950457,0.0001099898259411,6.05003377935527e-05,8.20873644092641e-05,0.000630896733675547,0.000515543075269289,9.33663227673778e-06,0.000428820552892633,5.47490213612432e-05,4.32200679419468e-05,0.000207897933056866,0.000143953934740883,3.32089841371752e-05,4.96419573823796e-05,2.93362669600293e-05,0,0.000385532878725814,9.98193270180972e-05,0.000165286220638739,8.0006400512041e-05,3.8566111957423e-05,0.00018134832479485,0.000103276148947157,0.000109424754067865,9.75444802830091e-05,0.000204219689330798,0.000293913636417075,8.05282654211628e-05,0.000225948739107797,0.0004232597512535,0.000296800663436777,0.000167238995674085,0.000181288964537864,0.00037602193056937,0.000228005602423374,0.000189914100391515,0.000193555879582435,0.000230044777390177,"BF520","V3",18,"Q"
"1609","11444","BF520_V3_19_A","aggaattctacgctgagtCCTAATAATAACACCCGCAAGTCAGTTCATTTGGGCCCGGGTCAGGCTTTCTATGCAACAGGTGATATTATCGGTGAGATCCGTCAGGCACACtgatagcaagcttgcc",5.12967826657912e-05,2.06660673507135e-05,0.000215798405053606,5.85400120982692e-05,1.69897551776279e-05,0,0,1.98202305092808e-05,0.000209557205624515,0.000192637575335052,0.000226067036411864,5.82151242892904e-05,0,0.000160486368099086,1.08409310191559e-05,0,1.14527858901678e-05,1.21247393181047e-05,0.000237306389930907,0.000128296226117164,0.000170127501110555,0.000106025118314393,2.32709671413944e-05,1.50631900823956e-05,1.1072725662149e-05,1.10180696342001e-05,0,0,0,2.34535326883612e-05,0.000152944662709224,0.000109690016014742,6.53564259371645e-05,2.85880368595089e-05,0,8.64401358838936e-06,6.56519788600628e-05,7.99744081893794e-05,1.10696613790584e-05,0,0,0,0.000228910146743452,9.98193270180972e-06,0.00011019081375916,2.00016001280102e-05,2.89245839680673e-05,0,9.18010212863618e-05,2.1884950813573e-05,2.60118614088024e-05,3.82911917495246e-05,0.000141078545480196,3.57903401871835e-05,7.85908657766251e-05,0,0.000253153507049016,6.68955982696339e-05,1.00716091409925e-05,0,0,4.38263308595804e-05,2.58074506109914e-05,7.29637599119662e-05,"BF520","V3",19,"A"
"1644","11476","BF520_V3_20_F","aggaattctacgctgagtAATAATAACACCCGCAAGTCAGTTCATTTGGGCCCGGGTCAGGCGTTCTATGCAACAGGTGATATTATCGGTGAGATCCGTCAGGCACACTGTtgatagcaagcttgcc",0,0,7.84721472922205e-05,3.90266747321794e-05,0,0,1.98747888303687e-05,9.91011525464041e-06,2.79409607499354e-05,0,4.52134072823728e-05,2.91075621446452e-05,0.000118815862831656,0,1.08409310191559e-05,0,2.29055717803356e-05,2.42494786362093e-05,6.38901819044751e-05,7.89515237644087e-05,1.89030556789505e-05,0,0,0,0,0,0,8.24923694558253e-05,1.00833896322588e-05,1.17267663441806e-05,1.91180828386529e-05,0,0,0,0,0,0,3.19897632757518e-05,1.10696613790584e-05,0,1.46681334800147e-05,0,2.40958049203634e-05,4.99096635090486e-05,0,1.00008000640051e-05,0,4.53370811987124e-05,0,1.09424754067865e-05,6.5029653522006e-06,5.10549223326994e-05,0,0,2.94715746662344e-05,1.62792212020577e-05,2.61882938326568e-05,1.11492663782723e-05,0,0.000266854273307295,3.25722289176248e-05,0,1.29037253054957e-05,2.93823668359651e-05,"BF520","V3",20,"F"
"1664","11494","BF520_V3_21_Y","aggaattctacgctgagtAATAACACCCGCAAGTCAGTTCATTTGGGCCCGGGTCAGGCGTTCTACGCAACAGGTGATATTATCGGTGAGATCCGTCAGGCACACTGTAATtgatagcaagcttgcc",0.000738673670387393,0.000237659774533205,0.00044140582851874,0.000370753409955705,1.69897551776279e-05,3.51320966835301e-05,2.9812183245553e-05,9.91011525464041e-06,0.000565804455186192,0.000376101932797006,0.000580238726790451,0.000766499136475656,0.000173653953369344,0.00021712861566347,0.000704660516245135,0.000509413537664763,8.01695012311745e-05,0.000218245307725884,0.000867081040132161,0.000690825832938576,0.000226836668147406,0.000337352649182161,8.53268795184461e-05,2.25947851235935e-05,1.1072725662149e-05,1.10180696342001e-05,8.41750841750842e-05,0.000151236010669013,2.01667792645176e-05,1.17267663441806e-05,0.000908108934836015,0.000669109097689928,0.000401475187899725,9.52934561983629e-05,3.64993475741621e-05,6.05080951187255e-05,0.000295433904870283,0.000175943698016635,5.53483068952921e-05,4.96419573823796e-05,9.53428676200953e-05,0,0.000746969952531264,0.000329403779159721,0.000284659602211162,5.00040003200256e-05,2.89245839680673e-05,0.000204016865394206,0.000195077170233519,9.84822786610787e-05,5.85266881698054e-05,0.000242510881080322,0.00011756545456683,0.000232637211216693,0.000294715746662344,0.000602331184476135,0.000349177251102091,0.000234134593943718,0.000181288964537864,0.00015768661604522,0.000325722289176248,0.000189914100391515,0.00027097823141541,0.000256356501220583,"BF520","V3",21,"Y"
"1676","11504","BF520_V3_22_A","aggaattctacgctgagtAACACCCGCAAGTCAGTTCATTTGGGCCCGGGTCAGGCGTTCTATGCTACAGGTGATATTATCGGTGAGATCCGTCAGGCACACTGTAATGTGtgatagcaagcttgcc",4.1037426132633e-05,0.000113663370428924,0,4.87833434152243e-05,0,1.7566048341765e-05,1.98747888303687e-05,0,0.000188601485062064,9.1732178730977e-05,0.000233602604292259,0.000106727727863699,0.000109676181075375,4.72018729703195e-05,0.000401114447708769,6.36766922080954e-05,1.14527858901678e-05,7.2748435908628e-05,0.00038334109142685,0.000246723511763777,0.000160675973271079,0.000240966177987258,7.75698904713146e-06,3.76579752059891e-05,1.1072725662149e-05,2.20361392684002e-05,0.000276575276575277,0.000123738554183738,1.00833896322588e-05,1.17267663441806e-05,0.00016250370412855,0.000471667068863392,0.000233415806918445,0.000495525972231487,1.82496737870811e-05,2.59320407651681e-05,0.000142245954196803,0.000127959053103007,0,4.96419573823796e-05,2.93362669600293e-05,4.88209734902114e-05,0.000180718536902725,0.000129765125123526,0.00011019081375916,0,1.92830559787115e-05,6.80056217980686e-05,0.000114751276607952,3.28274262203596e-05,5.20237228176048e-05,0.000153164766998098,0,0.000170004115889122,0.00015718173155325,0.00126163964315947,0.000174588625551045,0.000133791196539268,0.000231647010242826,6.06486984789306e-05,0.000108574096392083,0.000146087769531935,3.87111759164871e-05,9.9773433111673e-05,"BF520","V3",22,"A"
"1706","11531","BF520_V3_23_T","aggaattctacgctgagtACCCGCAAGTCAGTTCATTTGGGCCCGGGTCAGGCGTTCTATGCAACCGGTGATATTATCGGTGAGATCCGTCAGGCACACTGTAATGTGAGTtgatagcaagcttgcc",0.000369336835193697,0.000227326740857848,0.000196180368230551,0.000331726735223525,3.39795103552558e-05,5.26981450252951e-05,1.98747888303687e-05,5.94606915278425e-05,0.000607715896311095,0.000807243172832598,0.000828912466843501,0.000737391574331011,0.000347307906738687,0.00050978022807945,2.16818620383119e-05,5.30639101734129e-05,8.01695012311745e-05,0.000133372132499151,0.000766682182853701,0.000848728880467393,0.000500930975492188,0.000346991296301651,4.65419342827888e-05,3.76579752059891e-05,5.5363628310745e-05,5.50903481710004e-05,0.000312650312650313,0.000219979651882201,2.01667792645176e-05,2.34535326883612e-05,0.000850754686320056,0.000296163043239804,0.000429485084729938,0.000457408589752142,1.82496737870811e-05,1.72880271767787e-05,0.000131303957720126,0.000399872040946897,2.21393227581168e-05,3.72314680367847e-05,8.06747341400807e-05,0,0.000638538830389629,0.000189656721334385,0.000293842170024426,4.00032002560205e-05,5.78491679361345e-05,0.000283356757491953,0.000355728957484652,0.000175079606508584,9.10415149308085e-05,0.000370148186912071,0.00035269636370049,0.000223689626169897,0.000255420313774032,0.000667448069284365,0.000759460521147047,0.000245283860321991,0.000100716091409925,0.000436670629048301,0.000293150060258624,0.000394436977736224,0.000348400583248384,0.000295047273900072,"BF520","V3",23,"T"
"1716","11540","BF520_V3_24_G","aggaattctacgctgagtCGCAAGTCAGTTCATTTGGGCCCGGGTCAGGCGTTCTATGCAACAGGTGATATTATCGGTGAGATCCGTCAGGCACACTGTAATGTGAGTAAAtgatagcaagcttgcc",0.000205187130663165,0.000299657976585346,0.00044140582851874,0.000507346771518333,5.94641431216976e-05,6.14811691961776e-05,8.9436549736659e-05,4.95505762732021e-05,0.000796317381373158,0.00140350233458395,0.000926874849288642,0.00160091591795548,0.00065805708645225,0.000434257231326939,0.000498682826881173,0.000191030076624286,8.01695012311745e-05,6.06236965905233e-05,0.000958352728567126,0.00150007895152376,0.000425318752776386,0.000346991296301651,7.75698904713146e-05,4.5189570247187e-05,4.4290902648596e-05,2.20361392684002e-05,0.000252525252525253,0.000178733467154288,5.04169481612939e-05,3.51802990325418e-05,0.000755164272126791,0.000723954105697299,0.000513514775220578,0.000781406340826575,4.56241844677026e-05,6.05080951187255e-05,0.000328259894300314,0.000319897632757518,5.53483068952921e-05,3.72314680367847e-05,8.8008800880088e-05,7.32314602353171e-05,0.000795161562371991,0.000449186971581438,0.000486676094102955,4.00032002560205e-05,3.8566111957423e-05,0.000464705082286802,0.00105571174479316,0.000196964557322157,0.000182083029861617,0.000331856995162546,0.000411479090983905,0.000357903401871835,0.000432249761771438,0.00152210718239239,0.000916590284142988,0.000512866253400526,0.000987017695817261,0.000109167657262075,0.000608014939795664,0.000511307193361772,0.000245170780804418,0.000400992854862224,"BF520","V3",24,"G"
"1740","11562","BF520_V3_25_D","aggaattctacgctgagtAAGTCAGTTCATTTGGGCCCGGGTCAGGCGTTCTATGCAACAGGTGACATTATCGGTGAGATCCGTCAGGCACACTGTAATGTGAGTAAAAAGtgatagcaagcttgcc",0,3.09991010260702e-05,0,4.87833434152243e-05,0,0,0,0,4.88966813123869e-05,0.000183464357461954,2.26067036411864e-05,9.70252071488173e-06,0,0,0,1.06127820346826e-05,0,0,3.65086753739857e-05,0.000128296226117164,0,0,0,0,0,0,0,0,1.00833896322588e-05,0,0,0,0,0,0,0,0,0,2.21393227581168e-05,0,0,0,2.40958049203634e-05,0,8.26431103193697e-05,0,0,0,5.73756383039761e-05,0,0,1.27637305831749e-05,0,0,9.82385822207814e-06,0,6.98354502204181e-05,1.11492663782723e-05,0,0,0,1.46087769531935e-05,5.16149012219828e-05,1.37030225251188e-05,"BF520","V3",25,"D"
"1771","11590","BF520_V3_26_I","aggaattctacgctgagtTCAGTTCATTTGGGCCCGGGTCAGGCGTTCTATGCAACAGGTGATATCATCGGTGAGATCCGTCAGGCACACTGTAATGTGAGTAAAAAGGAAtgatagcaagcttgcc",2.05187130663165e-05,3.09991010260702e-05,5.88541104691654e-05,2.92700060491346e-05,8.49487758881394e-06,0,1.98747888303687e-05,0,5.58819214998708e-05,0,3.01422715215819e-05,0.000116430248578581,0.000137095226344219,2.83211237821917e-05,0,7.4289474242778e-05,0,1.21247393181047e-05,3.65086753739857e-05,9.86894047055108e-05,0,0,7.75698904713146e-06,7.53159504119782e-06,0,0,3.60750360750361e-05,0,2.01667792645176e-05,0,0,0.000153566022420639,0,0,0,0,3.28259894300314e-05,3.19897632757518e-05,0,0,0,0,4.81916098407267e-05,9.98193270180972e-06,0,0,0,2.26685405993562e-05,0.000114751276607952,2.1884950813573e-05,1.30059307044012e-05,1.27637305831749e-05,0.000129322000023513,0,1.96477164441563e-05,0,9.60237440530749e-05,0,0,0,3.25722289176248e-05,2.9217553906387e-05,1.29037253054957e-05,2.51421488947619e-05,"BF520","V3",26,"I"
"1794","11610","BF520_V3_27_I","aggaattctacgctgagtGTTCATTTGGGCCCGGGTCAGGCGTTCTATGCAACAGGTGATATTATCGGTGAGATCCGTCAGGCACACTGTAATGTGAGTAAAAAGGAATGGtgatagcaagcttgcc",1.02593565331582e-05,1.03330336753567e-05,4.90450920576378e-05,9.75666868304486e-06,0,1.7566048341765e-05,0,9.91011525464041e-06,8.38228822498062e-05,6.42125251116839e-05,5.27489751627683e-05,9.70252071488173e-05,6.39777722939687e-05,8.4963371346575e-05,7.58865171340915e-05,5.30639101734129e-05,0,0,9.12716884349644e-05,5.92136428233065e-05,0,0,1.55139780942629e-05,3.01263801647913e-05,0,0,4.81000481000481e-05,2.74974564852751e-05,0,0,0.000248535076902488,3.29070048044227e-05,0,0,0,3.45760543535574e-05,0,3.19897632757518e-05,0,0,4.4004400440044e-05,0,4.81916098407267e-05,5.98915962108583e-05,1.83651356265266e-05,0,0,7.93398920977467e-05,2.29502553215905e-05,0,0,7.65823834990491e-05,0.000105808909110147,1.78951700935917e-05,5.89431493324688e-05,7.32564954092596e-05,1.74588625551045e-05,2.22985327565446e-05,3.02148274229774e-05,0,3.25722289176248e-05,2.9217553906387e-05,6.45186265274785e-05,5.30229745488825e-05,"BF520","V3",27,"I"
"1805","11620","BF520_V3_28_G","aggaattctacgctgagtCATTTGGGCCCGGGTCAGGCGTTCTATGCAACAGGTGATATTATCGGTGAGATCCGTCAGGCACACTGTAATGTGAGTAAAAAGGAATGGAATtgatagcaagcttgcc",0.000133371634931057,4.1332134701427e-05,0.000245225460288189,6.8296680781314e-05,0,1.7566048341765e-05,9.93739441518434e-06,0,0.000216542445811999,4.58660893654885e-05,9.79623824451411e-05,0.000126132769293462,0.000201072998638187,8.4963371346575e-05,6.50455861149356e-05,0.000222868422728334,1.14527858901678e-05,0,9.12716884349644e-05,0.000305937154587084,0,9.63864711949031e-06,7.75698904713146e-06,0,1.1072725662149e-05,2.20361392684002e-05,0.000144300144300144,9.62410976984629e-05,1.00833896322588e-05,0,0.000210298911225182,0.000504574073667815,2.80098968302133e-05,5.71760737190177e-05,9.12483689354053e-06,2.59320407651681e-05,0.000120361961243448,4.79846449136276e-05,2.21393227581168e-05,1.24104893455949e-05,0,0,0.000120479024601817,0.000179674788632575,6.42779746928431e-05,3.00024001920154e-05,1.92830559787115e-05,0.000260688216892596,8.03258936255666e-05,2.1884950813573e-05,1.30059307044012e-05,0.000102109844665399,4.7026181826732e-05,0.000161056530842326,9.82385822207814e-05,0.000122094159015433,0,2.22985327565446e-05,5.03580457049623e-05,0.000206205574828364,0.000293150060258624,2.9217553906387e-05,0.000167748428971444,0.000101363758046422,"BF520","V3",28,"G"
"1828","11641","BF520_V3_29_E","aggaattctacgctgagtTTGGGCCCGGGTCAGGCGTTCTATGCAACAGGTGATATTATCGGTGAAATCCGTCAGGCACACTGTAATGTGAGTAAAAAGGAATGGAACTCGtgatagcaagcttgcc",2.05187130663165e-05,3.09991010260702e-05,9.80901841152756e-05,4.87833434152243e-05,0,1.7566048341765e-05,0,9.91011525464041e-06,3.49262009374192e-05,4.58660893654885e-05,5.27489751627683e-05,3.88100828595269e-05,0.000201072998638187,0.000113284495128767,0.000281864206498054,0,3.43583576705033e-05,2.42494786362093e-05,1.82543376869929e-05,0,9.45152783947525e-06,0,2.32709671413944e-05,7.53159504119782e-06,1.1072725662149e-05,0,1.2025012025012e-05,0.0001099898259411,1.00833896322588e-05,0,3.82361656773059e-05,5.48450080073712e-05,1.86732645534756e-05,0,0,8.64401358838936e-06,3.28259894300314e-05,3.19897632757518e-05,1.10696613790584e-05,1.24104893455949e-05,3.66703337000367e-05,0,0,0.000119783192421717,9.1825678132633e-06,2.00016001280102e-05,9.64152798935575e-06,9.06741623974249e-05,9.18010212863618e-05,0,1.30059307044012e-05,7.65823834990491e-05,7.05392727400981e-05,0,8.84147239987032e-05,0,8.72943127755227e-06,4.45970655130892e-05,0,2.42594793915723e-05,0,0.000131478992578741,2.58074506109914e-05,6.59192502239177e-05,"BF520","V3",29,"E"
"1860","11670","BF520_V3_30_I","aggaattctacgctgagtGGCCCGGGTCAGGCGTTCTATGCAACAGGTGATATTATCGGTGAGATCCGTCAGGCACACTGTAATGTGAGTAAAAAGGAATGGAACTCGACAtgatagcaagcttgcc",7.18154957321077e-05,0.000165328538805708,1.96180368230551e-05,9.75666868304486e-05,0,1.7566048341765e-05,3.97495776607374e-05,0,0.000160660524312128,0.00044031445790869,9.79623824451411e-05,6.79176450041721e-05,6.39777722939687e-05,8.4963371346575e-05,9.75683791724033e-05,9.55150383121431e-05,0,0,9.12716884349644e-06,0,9.45152783947525e-06,9.63864711949031e-06,2.32709671413944e-05,0,0,1.10180696342001e-05,9.62000962000962e-05,0.000123738554183738,3.02501688967763e-05,0,7.64723313546118e-05,0.000131628019217691,9.33663227673778e-05,0.000161998875537217,0,0,7.65939753367399e-05,0.000143953934740883,1.10696613790584e-05,0,3.66703337000367e-05,0,7.22874147610901e-05,2.99457981054292e-05,2.75477034397899e-05,1.00008000640051e-05,0,0.000124676973296459,8.03258936255666e-05,2.1884950813573e-05,0,1.27637305831749e-05,0.00011756545456683,0.000250532381310284,0.000196477164441563,0,0.000130941469163284,0.000122641930160995,0.000292076665088781,3.63892190873584e-05,5.42870481960414e-05,0.000146087769531935,3.87111759164871e-05,0.00011692151111062,"BF520","V3",30,"I"
"1876","11685","BF520_V3_31_R","aggaattctacgctgagtCCGGGTCAGGCGTTCTATGCAACAGGTGATATTATCGGTGAGATCCGTCAGGCACACTGTAATGTGAGTAAAAAGGAATGGAACTCGACATTAtgatagcaagcttgcc",0.000225705843729481,0.000113663370428924,0.000205989386642079,0.00034148340390657,1.69897551776279e-05,2.63490725126476e-05,4.96869720759217e-05,1.98202305092808e-05,3.49262009374192e-05,0,0,0.000116430248578581,4.56984087814062e-05,8.4963371346575e-05,0.000249341413440586,0.000265319550867064,1.14527858901678e-05,1.21247393181047e-05,3.65086753739857e-05,0,5.67091670368515e-05,2.89159413584709e-05,5.42989233299203e-05,0,3.3218176986447e-05,2.20361392684002e-05,8.41750841750842e-05,0.000247477108367476,2.01667792645176e-05,0,9.55904141932647e-06,0.000175504025623588,0.000224079174641707,0.000123881493057872,2.73745106806216e-05,3.45760543535574e-05,5.47099823833857e-05,0.000175943698016635,0,0,0,8.13682891503523e-06,1.20479024601817e-05,3.99277308072389e-05,0.00011019081375916,1.00008000640051e-05,1.92830559787115e-05,6.80056217980686e-05,0.000172126914911928,2.1884950813573e-05,0,7.65823834990491e-05,0.000364452909157173,0.000232637211216693,0.00010806244044286,0,2.61882938326568e-05,0.000111492663782723,0.000181288964537864,0.000109167657262075,1.08574096392083e-05,0.000160696546485128,0.000103229802443966,0.000140318936330242,"BF520","V3",31,"R"
"1912","11717","BF520_V3_32_Q","aggaattctacgctgagtGGTCAGGCGTTCTATGCAACAGGTGATATTATCGGTGAGATCCGTCAGGCACACTGTAATGTGAGTAAAAAGGAATGGAACTCGACATTACAAtgatagcaagcttgcc",0.00017440906106369,0.000165328538805708,7.84721472922205e-05,5.85400120982692e-05,2.54846327664418e-05,1.7566048341765e-05,0,9.91011525464041e-06,0,0,1.50711357607909e-05,0,0.000301609497957281,0.000103844120534703,0.00034690979261299,4.24511281387303e-05,1.14527858901678e-05,0,3.65086753739857e-05,6.90825832938576e-05,9.45152783947525e-06,1.92772942389806e-05,7.75698904713146e-06,3.01263801647913e-05,1.1072725662149e-05,2.20361392684002e-05,0.000384800384800385,4.12461847279127e-05,2.01667792645176e-05,1.17267663441806e-05,0,0,0,0,2.73745106806216e-05,8.64401358838936e-06,1.09419964766771e-05,6.39795265515035e-05,1.10696613790584e-05,1.24104893455949e-05,1.46681334800147e-05,0,3.6143707380545e-05,0.000159710923228956,8.26431103193697e-05,4.00032002560205e-05,9.64152798935575e-06,0.000113342702996781,1.14751276607952e-05,2.1884950813573e-05,6.5029653522006e-06,8.9346114082224e-05,0.000282157090960392,0.000170004115889122,0.000127710156887016,0,4.36471563877613e-05,0.000111492663782723,0,0.00021833531452415,7.60018674744579e-05,0.000160696546485128,0.00018065215427694,0.00012009057659741,"BF520","V3",32,"Q"
"1920","11724","BF520_V3_33_A","aggaattctacgctgagtCAGGCGTTCTATGCAACAGGTGATATTATCGGTGAGATCCGTCAGGCTCACTGTAATGTGAGTAAAAAGGAATGGAACTCGACATTACAAAAGtgatagcaagcttgcc",6.15561391989494e-05,4.1332134701427e-05,1.96180368230551e-05,7.80533494643589e-05,0,8.78302417088252e-06,0,1.98202305092808e-05,4.88966813123869e-05,0,7.53556788039547e-06,0,0.000164514271613062,6.60826221584472e-05,0,0,0,1.21247393181047e-05,0,0,0,1.92772942389806e-05,3.10279561885259e-05,6.77843553707804e-05,1.1072725662149e-05,0,0.000132275132275132,9.62410976984629e-05,0,1.17267663441806e-05,0,0,5.60197936604267e-05,0.000238233640495907,1.82496737870811e-05,8.64401358838936e-06,0,7.99744081893794e-05,0,1.24104893455949e-05,2.93362669600293e-05,0.000138326091555599,0,7.98554616144778e-05,1.83651356265266e-05,1.00008000640051e-05,9.64152798935575e-06,0.00023801967629324,0.000114751276607952,1.09424754067865e-05,1.30059307044012e-05,6.38186529158743e-05,0,6.26330953275711e-05,4.91192911103907e-05,0,8.72943127755227e-06,3.34477991348169e-05,6.04296548459547e-05,0.000278984013003081,0.000173718554227332,4.38263308595804e-05,1.29037253054957e-05,8.91294692094045e-05,"BF520","V3",33,"A"
"1957","11758","BF520_V3_34_H","aggaattctacgctgagtGCGTTCTATGCAACAGGTGATATTATCGGTGAGATCCGTCAGGCACACTGTAATGTGAGTAAAAAGGAATGGAACTCGACATTACAAAAGGTCtgatagcaagcttgcc",0.00017440906106369,0.000206660673507135,0.000255034478699717,0.00036099674127266,8.49487758881394e-06,8.78302417088252e-06,1.98747888303687e-05,1.98202305092808e-05,3.49262009374192e-05,0,1.50711357607909e-05,0,0.000246771407419594,0.000122724869722831,1.08409310191559e-05,0.000275932332901747,0,3.6374217954314e-05,2.73815065304893e-05,1.97378809411022e-05,9.45152783947525e-06,2.89159413584709e-05,1.55139780942629e-05,3.76579752059891e-05,3.3218176986447e-05,1.10180696342001e-05,0.000240500240500241,0.000178733467154288,0,0,0.000133826579870571,0,9.33663227673778e-06,0.000228704294876071,0,8.64401358838936e-06,0.000109419964766771,0.000143953934740883,2.21393227581168e-05,3.72314680367847e-05,3.66703337000367e-05,6.50946313202819e-05,2.40958049203634e-05,0.000269512182948863,7.34605425061064e-05,0,9.64152798935575e-06,0.00018134832479485,0.000114751276607952,2.1884950813573e-05,6.5029653522006e-06,0.000191455958747623,0.000188104727306928,9.84234355147546e-05,0.000127710156887016,0,0,0.000111492663782723,0.000171217355396872,0.000497319327527231,0.000108574096392083,0.000204522877344709,0.000129037253054957,0.00014157729501879,"BF520","V3",34,"H"
"1974","11773","BF520_V3_35_C","aggaattctacgctgagtTTCTATGCAACAGGTGATATTATCGGTGAGATCCGTCAGGCACACTGCAATGTGAGTAAAAAGGAATGGAACTCGACATTACAAAAGGTCGCCtgatagcaagcttgcc",8.20748522652659e-05,5.16651683767837e-05,0,0,0,0,0,9.91011525464041e-06,3.49262009374192e-05,0,7.53556788039547e-06,0,0.000164514271613062,4.72018729703195e-05,2.16818620383119e-05,0,0,0,9.12716884349644e-06,0,9.45152783947525e-06,2.89159413584709e-05,7.75698904713146e-06,0,3.3218176986447e-05,3.30542089026003e-05,4.81000481000481e-05,2.74974564852751e-05,0,1.17267663441806e-05,0,0,0,0,0,0,0,1.59948816378759e-05,4.42786455162337e-05,1.24104893455949e-05,7.33406674000733e-06,0,2.40958049203634e-05,0,0.000119373381572423,1.00008000640051e-05,0,7.93398920977467e-05,9.18010212863618e-05,1.09424754067865e-05,6.5029653522006e-06,2.55274611663497e-05,1.1756545456683e-05,7.1580680374367e-05,7.85908657766251e-05,0,0,3.34477991348169e-05,0,4.85189587831445e-05,0,1.46087769531935e-05,3.87111759164871e-05,3.33794022838723e-05,"BF520","V3",35,"C"
