"","id","Virus_Protein_Loc_AA","Oligo","X006.1","X006.2","X016.1","X016.2","X067.1","X067.2","X072.1","X072.2","X10E8.1","X10E8.2","X2F5.1","X2F5.2","X4E10.1","X4E10.2","Beadsonly.Lib1.1","Beadsonly.Lib1.2","Beadsonly.Lib2.1","Beadsonly.Lib2.2","Beadsonly.Lib2a","Beadsonly.Lib2b","Input.Lib1","Input.Lib2a","Input.Lib2b","Input.Lib2","mean_beads","Virus","Protein","Locus","AA"
"5221","3464","BF520_gp41_1_A","aggaattctacgctgagtGGTGGTGGAGGTTCCGGGGGAGGAGGTTCGGGCGGTGGGGGAAGTGCTGTTGGAATAGGAGCTGTCTTCATTGGGTTCTTAGGAGCAGCAGGAtgatagcaagcttgcc",0,0,0,0,0,0,0,0,0,0,0,0,0,0,0,0,0,0,0,0,1,0,0,0,0,"BF520","gp41",1,"A"
"5242","3483","BF520_gp41_2_V","aggaattctacgctgagtGGTGGAGGTTCCGGGGGAGGAGGTTCGGGCGGTGGGGGAAGTGCAGTTGGAATAGGAGCTGTCTTCATTGGGTTCTTAGGAGCAGCAGGAAGCtgatagcaagcttgcc",0,0,0,0,0,0,0.0330839603056191,0,0,0,0,0,0,0,0,0,0,0,0,0,1,0,0.0194290703294305,0.0869390809028074,0,"BF520","gp41",2,"V"
"5262","3500","BF520_gp41_3_G","aggaattctacgctgagtGGAGGTTCCGGGGGAGGAGGTTCGGGCGGTGGGGGAAGTGCAGTTGGTATAGGAGCTGTCTTCATTGGGTTCTTAGGAGCAGCAGGAAGCACTtgatagcaagcttgcc",3.03678524168831,-1.34567129208191e-05,5.86793844957227,3.93671823908715,-1.34567129208191e-05,-1.34567129208191e-05,0.379411030894153,-1.34567129208191e-05,7.61205085177303,-1.34567129208191e-05,-1.34567129208191e-05,-1.34567129208191e-05,-1.34567129208191e-05,0.400495603567247,-1.34567129208191e-05,1.92323148825591,5.94415998824183,5.90405624412585,0.984137464410577,-1.34567129208191e-05,0.999986543287079,1.20969488096446,1.671158537131,4.48677324111138,0,"BF520","gp41",3,"G"
"5295","3530","BF520_gp41_4_I","aggaattctacgctgagtGGTTCCGGGGGAGGAGGTTCGGGCGGTGGGGGAAGTGCAGTTGGAATCGGAGCTGTCTTCATTGGGTTCTTAGGAGCAGCAGGAAGCACTATGtgatagcaagcttgcc",0.54514821777729,-1.38736004484167,5.43152477906286,-1.38736004484167,-1.38736004484167,-1.38736004484167,-1.14590809818263,-1.38736004484167,-1.38736004484167,-1.38736004484167,-1.03950042707328,-1.38736004484167,-1.38736004484167,-1.38736004484167,1.38736004484167,-1.38736004484167,-1.38736004484167,-1.38736004484167,-1.38736004484167,7.97125537571887,-0.387360044841675,-0.360940849236621,1.59036459873476,0.357501448756666,0,"BF520","gp41",4,"I"
"5306","3540","BF520_gp41_5_G","aggaattctacgctgagtTCCGGGGGAGGAGGTTCGGGCGGTGGGGGAAGTGCAGTTGGAATAGGTGCTGTCTTCATTGGGTTCTTAGGAGCAGCAGGAAGCACTATGGGCtgatagcaagcttgcc",0,0,0,0.152561669829222,0,0,0,0,0,0,0.142992101891339,0,0.480846400790221,0,0,0,0,0,0.278892733564014,0.596430605476135,1,0.914165657234432,0.330294195600318,0.0434695404514037,0,"BF520","gp41",5,"G"
"5332","3564","BF520_gp41_6_A","aggaattctacgctgagtGGGGGAGGAGGTTCGGGCGGTGGGGGAAGTGCAGTTGGAATAGGAGCTGTCTTCATTGGGTTCTTAGGAGCAGCAGGAAGCACTATGGGCGCGtgatagcaagcttgcc",-3.95785674141739e-06,-3.95785674141739e-06,3.75038269529075,0.306186285149931,0.74972513590005,0.390477994307125,0.398391754130686,-3.95785674141739e-06,-3.95785674141739e-06,-3.95785674141739e-06,-3.95785674141739e-06,-3.95785674141739e-06,0.386018236241295,0.280352384339376,-3.95785674141739e-06,0.395958236695665,-3.95785674141739e-06,0.364659170724477,-3.95785674141739e-06,-3.95785674141739e-06,0.999996042143259,0.846791878517428,0.857864332316471,1.91934368510143,0,"BF520","gp41",6,"A"
"5353","3583","BF520_gp41_7_V","aggaattctacgctgagtGGAGGAGGTTCGGGCGGTGGGGGAAGTGCAGTTGGAATAGGAGCTGTTTTCATTGGGTTCTTAGGAGCAGCAGGAAGCACTATGGGCGCGGCGtgatagcaagcttgcc",0,0,8.92949203130355,0,0,1.95240976081933,2.65597141324951,0,0,1.55765745567326,1.91322789772619,0,11.5806658229411,0,0,0,0,6.07771880968697,24.1116975675257,0,1,14.1132639395695,3.11952105517532,12.2140304551884,0,"BF520","gp41",7,"V"
"5390","3616","BF520_gp41_8_F","aggaattctacgctgagtGGAGGTTCGGGCGGTGGGGGAAGTGCAGTTGGAATAGGAGCTGTCTTCATTGGGTTCTTAGGAGCAGCAGGAAGCACTATGGGCGCGGCGTCAtgatagcaagcttgcc",-0.220710842523613,-0.16445857902795,-0.220710842523613,0.443316190502904,-0.220710842523613,-0.126618805857621,-0.156711531360974,-0.220710842523613,-0.220710842523613,0.267230047205361,-0.220710842523613,-0.220710842523613,-0.0811847482713106,-0.0855993523086168,0.220569942823619,1.47763302808671,-0.00586119993488693,0.863026969324183,-0.0962098223814838,-0.0764900949386229,0.779289157476387,0.164711626508807,1.03837295685438,0.199737710150686,0,"BF520","gp41",8,"F"
"5406","3630","BF520_gp41_9_I","aggaattctacgctgagtGGTTCGGGCGGTGGGGGAAGTGCAGTTGGAATAGGAGCTGTCTTCATCGGGTTCTTAGGAGCAGCAGGAAGCACTATGGGCGCGGCGTCAGTAtgatagcaagcttgcc",0,0,0,0,0,0,0,0,0,0,0,0,0,0,0,0,0,0,0,0,1,3.76353705055187,31.1952105517532,3.48972298719668,0,"BF520","gp41",9,"I"
"5417","3640","BF520_gp41_10_G","aggaattctacgctgagtTCGGGCGGTGGGGGAAGTGCAGTTGGAATAGGAGCTGTCTTCATTGGTTTCTTAGGAGCAGCAGGAAGCACTATGGGCGCGGCGTCAGTAACGtgatagcaagcttgcc",0.480008128176005,-0.996213461324594,-0.301697414445429,1.21516051594581,-0.579697298126376,-0.670811834521371,-0.774882510220468,-0.996213461324594,-0.996213461324594,0.821053570294212,-0.996213461324594,-0.996213461324594,0.290527185668862,-0.373199367555445,0.996189714184145,-0.336276470403917,-0.996213461324594,-0.658562416341985,-0.46996609377939,-0.264693780518505,0.00378653867540624,1.51281123904332,0.736853791550582,0.506306158162866,0,"BF520","gp41",10,"G"
"5456","3676","BF520_gp41_11_F","aggaattctacgctgagtGGCGGTGGGGGAAGTGCAGTTGGAATAGGAGCTGTCTTCATTGGGTTCTTAGGAGCAGCAGGAAGCACTATGGGCGCGGCGTCAGTAACGCTGtgatagcaagcttgcc",1.87564049616676,1.64783113661543,1.89092196554792,-2.92881398864887e-05,-2.92881398864887e-05,0.229665977838859,0.312437936948292,-2.92881398864887e-05,-2.92881398864887e-05,-2.92881398864887e-05,-2.92881398864887e-05,-2.92881398864887e-05,-2.92881398864887e-05,0.989463684316998,-2.92881398864887e-05,3.44717099384577,-2.92881398864887e-05,-2.92881398864887e-05,1.11437690195584,-2.92881398864887e-05,0.999970711860114,4.09558456099008,1.92673371652722,1.43691547129404,0,"BF520","gp41",11,"F"
"5477","3695","BF520_gp41_12_L","aggaattctacgctgagtGGTGGGGGAAGTGCAGTTGGAATAGGAGCTGTCTTCATTGGGTTCCTGGGAGCAGCAGGAAGCACTATGGGCGCGGCGTCAGTAACGCTGACGtgatagcaagcttgcc",0,0,0,0,0,0,0,0,0,0,0,0,0,0,0,0,0,0,0,0,1,0,0,0,0,"BF520","gp41",12,"L"
"5484","3700","BF520_gp41_13_G","aggaattctacgctgagtGGGGGAAGTGCAGTTGGAATAGGAGCTGTCTTCATTGGGTTCTTAGGTGCAGCAGGAAGCACTATGGGCGCGGCGTCAGTAACGCTGACGGTAtgatagcaagcttgcc",4.42865922750236,3.1126197057606,-5.54099943798434e-06,-5.54099943798434e-06,-5.54099943798434e-06,0.325396085803784,-5.54099943798434e-06,-5.54099943798434e-06,-5.54099943798434e-06,-5.54099943798434e-06,-5.54099943798434e-06,-5.54099943798434e-06,0.64336478249729,0.467255029327424,-5.54099943798434e-06,0.923906246289509,-5.54099943798434e-06,-5.54099943798434e-06,0.287038477661582,-5.54099943798434e-06,0.999994459000562,1.41132085295751,0.649894678828753,1.30864057919932,0,"BF520","gp41",13,"G"
"5510","3724","BF520_gp41_14_A","aggaattctacgctgagtGGAAGTGCAGTTGGAATAGGAGCTGTCTTCATTGGGTTCTTAGGAGCTGCAGGAAGCACTATGGGCGCGGCGTCAGTAACGCTGACGGTACAGtgatagcaagcttgcc",0,0,0,1.67012859821821,0,0,0,0,0,0.566420892972095,0.347859617768397,0,0,0,0,0,0,0,1.40912518251774,5.87633991523569,1,2.90818772088099,1.13437129279102,1.26899017716243,0,"BF520","gp41",14,"A"
"5532","3744","BF520_gp41_15_A","aggaattctacgctgagtAGTGCAGTTGGAATAGGAGCTGTCTTCATTGGGTTCTTAGGAGCAGCTGGAAGCACTATGGGCGCGGCGTCAGTAACGCTGACGGTACAGGCCtgatagcaagcttgcc",0,0,0,0.874829265733349,0,0.557831360234096,0.379424487607073,0,0,0,0,0,0,0,0,0,0,0,7.38113190842623,0,1,1.07529630015768,1.55976052758766,1.99412742125525,0,"BF520","gp41",15,"A"
"5550","3760","BF520_gp41_16_G","aggaattctacgctgagtGCAGTTGGAATAGGAGCTGTCTTCATTGGGTTCTTAGGAGCAGCAGGTAGCACTATGGGCGCGGCGTCAGTAACGCTGACGGTACAGGCCAGAtgatagcaagcttgcc",10.6287954444043,0,0,0,0,0,0.885323804416504,0,0,8.3075064302574,0,0,0,7.47616912522979,0,0,0,0,9.75949663447469,0,1,8.78158645128769,12.9980043965638,14.5405124466528,0,"BF520","gp41",16,"G"
"5578","3786","BF520_gp41_17_S","aggaattctacgctgagtGTTGGAATAGGAGCTGTCTTCATTGGGTTCTTAGGAGCAGCAGGATCTACTATGGGCGCGGCGTCAGTAACGCTGACGGTACAGGCCAGACAAtgatagcaagcttgcc",-3.95785674141739e-06,-3.95785674141739e-06,-3.95785674141739e-06,-3.95785674141739e-06,-3.95785674141739e-06,-3.95785674141739e-06,-3.95785674141739e-06,-3.95785674141739e-06,-3.95785674141739e-06,-3.95785674141739e-06,-3.95785674141739e-06,-3.95785674141739e-06,-3.95785674141739e-06,-3.95785674141739e-06,-3.95785674141739e-06,0.0986416635663455,-3.95785674141739e-06,-3.95785674141739e-06,-3.95785674141739e-06,-3.95785674141739e-06,0.999996042143259,0.0234361872005517,0.0388541828021195,0.0217308123689604,0,"BF520","gp41",17,"S"
"5607","3811","BF520_gp41_18_T","aggaattctacgctgagtGGAATAGGAGCTGTCTTCATTGGGTTCTTAGGAGCAGCAGGAAGCACCATGGGCGCGGCGTCAGTAACGCTGACGGTACAGGCCAGACAATTAtgatagcaagcttgcc",0,0,0,0,0,0,0,0,0,0,0,0,0,0,0,0,0,0,0,0,1,5.6453055758278,0,1.74486149359834,0,"BF520","gp41",18,"T"
"5626","3829","BF520_gp41_19_M","aggaattctacgctgagtATAGGAGCTGTCTTCATTGGGTTCTTAGGAGCAGCAGGAAGCACTATGGGCGCGGCGTCAGTAACGCTGACGGTACAGGCCAGACAATTATTGtgatagcaagcttgcc",0,0,0,0,0,0,0,0,0,0,0,0,0,0,0,0,0,3.03885940484348,0.215283013995765,0,1,0.352831598489237,0.194970065948457,0.327161530049689,0,"BF520","gp41",19,"M"
"5639","3840","BF520_gp41_20_G","aggaattctacgctgagtGGAGCTGTCTTCATTGGGTTCTTAGGAGCAGCAGGAAGCACTATGGGTGCGGCGTCAGTAACGCTGACGGTACAGGCCAGACAATTATTGTCTtgatagcaagcttgcc",-1.26651415725356e-05,-1.26651415725356e-05,0.781317887597488,0.765462942375107,-1.26651415725356e-05,0.122012944909636,0.165985548186522,-1.26651415725356e-05,0.237864344498613,4.67295970187821,-1.26651415725356e-05,-1.26651415725356e-05,-1.26651415725356e-05,0.876100904221293,-1.26651415725356e-05,0.79191172396324,0.309579701783154,-1.26651415725356e-05,1.13022315833619,-1.26651415725356e-05,0.999987334858428,1.11728739674101,1.65723289542031,0.981471925007494,0,"BF520","gp41",20,"G"
"5665","3864","BF520_gp41_21_A","aggaattctacgctgagtGCTGTCTTCATTGGGTTCTTAGGAGCAGCAGGAAGCACTATGGGCGCTGCGTCAGTAACGCTGACGGTACAGGCCAGACAATTATTGTCTGGTtgatagcaagcttgcc",-0.76304881623427,15.5782337292559,-0.76304881623427,0.76790239879909,-0.76304881623427,-0.76304881623427,-0.76304881623427,-0.76304881623427,-0.76304881623427,3.90992355078552,1.15017908149192,-0.76304881623427,0.202006669010823,4.84407802768807,0.763047233091573,-0.367086621681864,-0.76304881623427,-0.76304881623427,8.7094037995794,-0.76304881623427,0.23695118376573,10.0571202041023,1.57659197514722,5.78018178475951,0,"BF520","gp41",21,"A"
"5687","3884","BF520_gp41_22_A","aggaattctacgctgagtGTCTTCATTGGGTTCTTAGGAGCAGCAGGAAGCACTATGGGCGCGGCTTCAGTAACGCTGACGGTACAGGCCAGACAATTATTGTCTGGTATAtgatagcaagcttgcc",-0.515593570492164,-0.515593570492164,-0.515593570492164,-0.515593570492164,-0.515593570492164,-0.515593570492164,-0.515593570492164,-0.515593570492164,-0.515593570492164,1.58934893717441,-0.515593570492164,-0.515593570492164,-0.515593570492164,-0.515593570492164,0.515552408782054,0.597381246628112,-0.515593570492164,-0.515593570492164,0.694646075754299,0.713790856218806,0.484406429507836,-0.108724700162233,0.959855577225891,-0.421276733000362,0,"BF520","gp41",22,"A"
"5712","3906","BF520_gp41_23_S","aggaattctacgctgagtTTCATTGGGTTCTTAGGAGCAGCAGGAAGCACTATGGGCGCGGCGTCTGTAACGCTGACGGTACAGGCCAGACAATTATTGTCTGGTATAGTGtgatagcaagcttgcc",-1.57696670920805,-1.57696670920805,-1.57696670920805,-1.57696670920805,-1.57696670920805,-1.57696670920805,-1.57696670920805,-1.57696670920805,-1.57696670920805,-1.57696670920805,-1.57696670920805,-1.57696670920805,-1.57696670920805,-0.829349796685073,1.57696512606536,-1.47137679066074,-1.57696670920805,-1.57696670920805,1.9823791221886,-1.57696670920805,-0.576966709208052,-1.20061300415287,-1.47298267403554,-1.34431851006161,0,"BF520","gp41",23,"S"
"5731","3923","BF520_gp41_24_V","aggaattctacgctgagtATTGGGTTCTTAGGAGCAGCAGGAAGCACTATGGGCGCGGCGTCAGTTACGCTGACGGTACAGGCCAGACAATTATTGTCTGGTATAGTGCAAtgatagcaagcttgcc",-0.704385268762401,-0.704385268762401,-0.704385268762401,-0.704385268762401,-0.704385268762401,-0.55419990254553,-0.397927028772073,-0.704385268762401,2.80887518130804,1.69201081688877,-0.704385268762401,-0.704385268762401,0.334905253809236,-0.273067819229914,0.704318776769146,1.85413968065314,-0.704385268762401,-0.704385268762401,-0.704385268762401,-0.704385268762401,0.295614731237599,-0.342506706209337,-0.584403689717197,0.369375650375039,0,"BF520","gp41",24,"V"
"5762","3951","BF520_gp41_25_T","aggaattctacgctgagtGGGTTCTTAGGAGCAGCAGGAAGCACTATGGGCGCGGCGTCAGTAACCCTGACGGTACAGGCCAGACAATTATTGTCTGGTATAGTGCAACAGtgatagcaagcttgcc",-0.269326898955056,2.33978544024086,-0.269326898955056,-0.269326898955056,-0.269326898955056,-0.269326898955056,-0.269326898955056,-0.269326898955056,-0.269326898955056,0.0971807376739473,-0.0442412639284454,-0.269326898955056,0.0712809193667416,2.53423652300612,0.269295236101124,0.662348852932959,0.313435203491489,-0.269326898955056,0.389185849737873,-0.269326898955056,0.730673101044945,1.05898029535737,0.510553364838774,0.500464936455977,0,"BF520","gp41",25,"T"
"5788","3975","BF520_gp41_26_L","aggaattctacgctgagtTTCTTAGGAGCAGCAGGAAGCACTATGGGCGCGGCGTCAGTAACGCTGACGGTACAGGCCAGACAATTATTGTCTGGTATAGTGCAACAGCAAtgatagcaagcttgcc",0.154478596731726,-0.731254356968633,1.64994351804565,-0.731254356968633,-0.731254356968633,-0.731254356968633,-0.731254356968633,-0.731254356968633,-0.731254356968633,-0.731254356968633,-0.731254356968633,-0.731254356968633,-0.731254356968633,-0.263993786641771,0.731254356968633,-0.731254356968633,-0.731254356968633,-0.731254356968633,-0.731254356968633,-0.731254356968633,0.268745643031367,-0.339219247536147,-0.406304247054537,-0.295038983569048,0,"BF520","gp41",26,"L"
"5806","3991","BF520_gp41_27_T","aggaattctacgctgagtTTAGGAGCAGCAGGAAGCACTATGGGCGCGGCGTCAGTAACGCTGACCGTACAGGCCAGACAATTATTGTCTGGTATAGTGCAACAGCAAAGCtgatagcaagcttgcc",-0.160656729258338,1.31374470341747,4.1630973069518,-0.160656729258338,0.0366404006776601,-0.0578983207941621,-0.160656729258338,-0.160656729258338,0.64061319795071,-0.160656729258338,0.141431886172113,0.0330633422312284,-0.0590719413378016,0.429567149049277,0.160626649547103,0.631267659846474,-0.160656729258338,-0.160656729258338,-0.160656729258338,3.80845005559384,0.839343270741662,-0.0120960562102377,0.413991886168694,1.07911327935101,0,"BF520","gp41",27,"T"
"5821","4003","BF520_gp41_28_V","aggaattctacgctgagtGGAGCAGCAGGAAGCACTATGGGCGCGGCGTCAGTAACGCTGACGGTTCAGGCCAGACAATTATTGTCTGGTATAGTGCAACAGCAAAGCAATtgatagcaagcttgcc",0.431917889929494,-0.2934710450231,-0.0117593978804368,0.297046496501728,-0.11993080964502,-0.207872541931392,-0.215706976514979,-0.371940589059068,-0.371940589059068,-0.267224121450781,-0.211165135468632,-0.31008039816324,-0.047552190657356,0.334840105552992,0.371870930780419,0.213684169270541,-0.371940589059068,-0.35151128213575,0.351699794119975,0.271841437135443,0.628059410940932,0.987992967022699,0.951889774691802,0.830400944344831,0,"BF520","gp41",28,"V"
"5858","4037","BF520_gp41_29_Q","aggaattctacgctgagtGCAGCAGGAAGCACTATGGGCGCGGCGTCAGTAACGCTGACGGTACAGGCCAGACAATTATTGTCTGGTATAGTGCAACAGCAAAGCAATTTGtgatagcaagcttgcc",0.128613662650739,0.0425523490424585,-0.0561091678064066,0.644788271717139,-0.579972700309548,-0.579972700309548,-0.509146795956228,-0.579972700309548,-0.579972700309548,0.0846278141110434,-0.477933879097485,-0.481821197421502,-0.168215693271642,0.167644212213431,0.579860297178092,0.919404143062229,1.216488607499,-0.579972700309548,2.17564987883625,1.04799109842982,0.420027299690452,1.55269829500318,1.22934951169214,0.653062755166612,0,"BF520","gp41",29,"Q"
"5866","4044","BF520_gp41_30_A","aggaattctacgctgagtGCAGGAAGCACTATGGGCGCGGCGTCAGTAACGCTGACGGTACAGGCTAGACAATTATTGTCTGGTATAGTGCAACAGCAAAGCAATTTGCTGtgatagcaagcttgcc",0.870068650291845,-0.310908621308634,-0.134523593529798,0.0671040243786158,0.0593279682008931,-0.214493324478049,-0.114169998104966,-0.310908621308634,-0.122956416160832,2.18903544335216,0.0197727437304604,0.234377505847182,1.1188032086841,-0.034013468522345,0.310834213601895,0.608114743825346,-0.310908621308634,-0.310908621308634,0.730954853831366,1.52158512454904,0.689091378691366,1.8496404262304,0.825213244465093,0.96003987402843,0,"BF520","gp41",30,"A"
"5889","4065","BF520_gp41_31_R","aggaattctacgctgagtGGAAGCACTATGGGCGCGGCGTCAGTAACGCTGACGGTACAGGCCCGTCAATTATTGTCTGGTATAGTGCAACAGCAAAGCAATTTGCTGAGGtgatagcaagcttgcc",0.377666163412668,1.89735283019024,2.892613566957,-0.162826194754303,0.153987270067211,0.362241635791154,-0.160202560083514,-0.38153351118764,0.343424994382451,0.842340203984209,-0.199321330451813,-0.293898240751884,0.491611927843634,0.285981589279306,0.381514513475281,-0.155269400014837,-0.263593561882982,0.0236477427914911,0.47959854479542,-0.38153351118764,0.61846648881236,0.828174826489745,0.639738262828089,1.30101150049647,0,"BF520","gp41",31,"R"
"5924","4097","BF520_gp41_32_Q","aggaattctacgctgagtAGCACTATGGGCGCGGCGTCAGTAACGCTGACGGTACAGGCCAGACAGTTATTGTCTGGTATAGTGCAACAGCAAAGCAATTTGCTGAGGGCTtgatagcaagcttgcc",-0.118348631580422,-0.405613373321079,-0.116008226359883,0.752944302920383,-0.338070211721368,-0.300077710574088,-0.357758032541808,-0.405613373321079,-0.337036217388773,-0.209152072605532,-0.336668223853469,-0.206657624223687,-0.0578456308904152,-0.0520107795602105,0.405554797041306,0.122336219415462,0.254850342785005,-0.405613373321079,0.152958771100366,-0.36247707764701,0.594386626678921,0.526794454518347,0.437500425374953,0.0659708141379322,0,"BF520","gp41",32,"Q"
"5945","4115","BF520_gp41_33_L","aggaattctacgctgagtACTATGGGCGCGGCGTCAGTAACGCTGACGGTACAGGCCAGACAACTGTTGTCTGGTATAGTGCAACAGCAAAGCAATTTGCTGAGGGCTATAtgatagcaagcttgcc",-0.154670358854219,-0.55325018801938,-0.240717966923756,0.977701027013979,-0.55325018801938,-0.455629699978414,-0.55325018801938,-0.55325018801938,-0.55325018801938,-0.514308751627549,-0.457588793133071,-0.55325018801938,-0.456744639494871,-0.202804760274234,0.553169447741856,0.456453408089255,-0.55325018801938,-0.55325018801938,-0.12268416002785,-0.55325018801938,0.44674981198062,0.222979328656942,-0.202304069312157,0.0138297974000805,0,"BF520","gp41",33,"L"
"5967","4135","BF520_gp41_34_L","aggaattctacgctgagtATGGGCGCGGCGTCAGTAACGCTGACGGTACAGGCCAGACAATTACTGTCTGGTATAGTGCAACAGCAAAGCAATTTGCTGAGGGCTATAGAGtgatagcaagcttgcc",1.30606815289942,0.239812649134015,0.233022854472147,-0.0963741892311357,-0.173890706448015,-0.124462611237399,-0.106650923834103,-0.173890706448015,-0.0775354620368001,0.417624783048161,-0.125454557138491,-0.0807088999087297,-0.0761635687016762,0.393919606860577,0.173827380740152,0.628058042012554,3.1618690748979,-0.173890706448015,2.20239775183435,-0.173890706448015,0.826109293551985,0.969462321567742,1.30689460455293,0.510801778381714,0,"BF520","gp41",34,"L"
"5979","4146","BF520_gp41_35_S","aggaattctacgctgagtGGCGCGGCGTCAGTAACGCTGACGGTACAGGCCAGACAATTATTGTCTGGTATAGTGCAACAGCAAAGCAATTTGCTGAGGGCTATAGAGGCTtgatagcaagcttgcc",0.817589359142035,1.91545139988634,0.64108144515324,-1.02904275276852e-05,0.384466167909288,-1.02904275276852e-05,0.408600696226244,-1.02904275276852e-05,-1.02904275276852e-05,1.35794749144147,0.196218211903363,-1.02904275276852e-05,0.0989697593411997,0.43130715910496,-1.02904275276852e-05,0.527939302309014,-1.02904275276852e-05,-1.02904275276852e-05,0.353274655616805,0.306921044176426,0.999989709572472,1.1097506347352,1.83970725493227,0.984270552115126,0,"BF520","gp41",35,"S"
"5995","4160","BF520_gp41_36_G","aggaattctacgctgagtGCGGCGTCAGTAACGCTGACGGTACAGGCCAGACAATTATTGTCTGGTATAGTGCAACAGCAAAGCAATTTGCTGAGGGCTATAGAGGCTCAAtgatagcaagcttgcc",0.0550896307946287,0.632364327786699,-0.325032380300818,-0.210710449501158,-0.56780285665327,-0.578055470934355,-0.622062838393713,-0.683591133681346,-0.0957869399758676,-0.130291960237562,-0.609721330680335,-0.65516888381029,-0.310982838219921,-0.467099749746121,0.683413821699331,0.00131644608497739,-0.599439386069374,-0.533408120623444,-0.557247434347924,1.26678566358192,0.316408866318654,0.0502259360208511,0.37632335610795,0.118101984998973,0,"BF520","gp41",36,"G"
"6028","4190","BF520_gp41_37_I","aggaattctacgctgagtGCGTCAGTAACGCTGACGGTACAGGCCAGACAATTATTGTCTGGTATCGTGCAACAGCAAAGCAATTTGCTGAGGGCTATAGAGGCTCAACAGtgatagcaagcttgcc",-0.515189721437907,-0.736622959862996,0.950058868272119,0.496643296691654,-0.580429398663665,-0.573922146461385,-0.533736254684214,-0.736622959862996,0.584915982582481,-0.325574464615886,-0.497469472647223,-0.685502385442139,-0.522166185364087,-0.230424008675563,0.736483643305699,0.231284626820663,1.83643360080029,-0.736622959862996,-0.437618773757767,-0.719997512571949,0.263377040137004,0.0997186069263069,-0.390009509287961,0.559906066630215,0,"BF520","gp41",37,"I"
"6043","4203","BF520_gp41_38_V","aggaattctacgctgagtTCAGTAACGCTGACGGTACAGGCCAGACAATTATTGTCTGGTATAGTTCAACAGCAAAGCAATTTGCTGAGGGCTATAGAGGCTCAACAGCATtgatagcaagcttgcc",-0.623207338945691,-0.623207338945691,-0.385087551444263,-0.589186200833838,-0.539904106306047,-0.558127013585046,-0.549430355244315,-0.623207338945691,-0.242604123521393,-0.605900033882655,-0.580691163440664,-0.582310879409005,-0.515978951696236,-0.529755224880318,0.623104434670414,-0.0512619468144377,-0.623207338945691,-0.569183171748473,-0.211777578864895,0.148213415358912,0.376792661054309,-0.236399364305638,-0.276593888370656,-0.351784439941504,0,"BF520","gp41",38,"V"
"6080","4237","BF520_gp41_39_Q","aggaattctacgctgagtGTAACGCTGACGGTACAGGCCAGACAATTATTGTCTGGTATAGTGCAGCAGCAAAGCAATTTGCTGAGGGCTATAGAGGCTCAACAGCATCTGtgatagcaagcttgcc",0.273007253284173,0.769730894718613,-0.175978241266898,0.982962521260926,-0.212868176218772,-0.26380937619447,-0.211337260866219,-0.338721980926147,-0.338721980926147,-0.0847154893535291,-0.302017368979362,-0.232803092917464,-0.0795224261360987,0.0243293974573137,0.338323028966612,0.61842404331564,0.37400864796531,0.0985239766052891,0.0329896979154615,-0.338721980926147,0.661278019073853,0.369761612523065,0.319594212971761,0.33913787989623,0,"BF520","gp41",39,"Q"
"6102","4257","BF520_gp41_40_Q","aggaattctacgctgagtACGCTGACGGTACAGGCCAGACAATTATTGTCTGGTATAGTGCAACAGCAAAGCAATTTGCTGAGGGCTATAGAGGCTCAACAGCATCTGTTGtgatagcaagcttgcc",-7.91571348283478e-07,-7.91571348283478e-07,0.892948411559007,-7.91571348283478e-07,-7.91571348283478e-07,0.139457048487176,-7.91571348283478e-07,-7.91571348283478e-07,-7.91571348283478e-07,-7.91571348283478e-07,-7.91571348283478e-07,0.26290501973592,0.137864277749379,-7.91571348283478e-07,-7.91571348283478e-07,0.0565652362218526,-7.91571348283478e-07,-7.91571348283478e-07,0.246036938709526,-7.91571348283478e-07,0.999999208428652,1.07529550858633,1.28123107037566,0.56084754565669,0,"BF520","gp41",40,"Q"
"6124","4277","BF520_gp41_41_Q","aggaattctacgctgagtCTGACGGTACAGGCCAGACAATTATTGTCTGGTATAGTGCAACAGCAGAGCAATTTGCTGAGGGCTATAGAGGCTCAACAGCATCTGTTGAAAtgatagcaagcttgcc",-0.671482261703371,1.56960791596385,1.7573395708112,-0.671482261703371,-0.371590624200654,-0.671482261703371,-0.56524340517339,-0.671482261703371,-0.671482261703371,-0.671482261703371,-0.671482261703371,-0.671482261703371,-0.208255628785727,0.449943107081098,0.671482261703371,-0.671482261703371,-0.671482261703371,-0.671482261703371,0.706329027869526,-0.38419453251407,0.328517738296629,0.231766630429077,1.44979205581584,0.3056401747117,0,"BF520","gp41",41,"Q"
"6134","4286","BF520_gp41_42_S","aggaattctacgctgagtACGGTACAGGCCAGACAATTATTGTCTGGTATAGTGCAACAGCAATCTAATTTGCTGAGGGCTATAGAGGCTCAACAGCATCTGTTGAAACTCtgatagcaagcttgcc",-0.915662379023595,-0.915662379023595,-0.915662379023595,-0.915662379023595,-0.915662379023595,-0.915662379023595,-0.915662379023595,-0.915662379023595,-0.915662379023595,-0.915662379023595,-0.915662379023595,-0.915662379023595,-0.915662379023595,-0.915662379023595,0.915652880167416,-0.535538672253285,-0.915662379023595,2.87683415822107,-0.0889756052798572,-0.915662379023595,0.0843376209764048,1.41773059231856,0.70648856966757,-0.147923321840325,0,"BF520","gp41",42,"S"
"6159","4308","BF520_gp41_43_N","aggaattctacgctgagtGTACAGGCCAGACAATTATTGTCTGGTATAGTGCAACAGCAAAGCAACTTGCTGAGGGCTATAGAGGCTCAACAGCATCTGTTGAAACTCACGtgatagcaagcttgcc",0.533262271883942,0.400389073415876,-0.0412672115973724,0.786273985717957,0.262677015601327,0.117036282523114,0.245864833078251,-0.0412672115973724,0.164464256199545,0.92700634192925,0.217277098906166,0.0582106629513237,0.741210208871621,0.186048741534615,0.0412244667445651,0.536623558830463,-0.0412672115973724,2.58693551691591,0.144923503209776,0.314607227713698,0.958732788402628,2.24737018400849,1.45525978108808,2.01012400384933,0,"BF520","gp41",43,"N"
"6189","4335","BF520_gp41_44_L","aggaattctacgctgagtCAGGCCAGACAATTATTGTCTGGTATAGTGCAACAGCAAAGCAATCTGCTGAGGGCTATAGAGGCTCAACAGCATCTGTTGAAACTCACGGTCtgatagcaagcttgcc",0.548464580943238,0.813752313562761,0.288007051914619,1.17296803345646,0.109306071861088,0.119274628426282,-0.12996917082725,-0.12996917082725,1.00374253469193,-0.12996917082725,-0.12996917082725,-0.12996917082725,-0.0889029799657564,-0.0106685996799658,0.129791858845234,1.75716979895443,-0.12996917082725,-0.12996917082725,0.0715723741900624,1.65284475144678,0.87003082917275,0.290425925245033,1.0315546263125,0.909522782805805,0,"BF520","gp41",44,"L"
"6211","4355","BF520_gp41_45_L","aggaattctacgctgagtGCCAGACAATTATTGTCTGGTATAGTGCAACAGCAAAGCAATTTGCTGAGGGCTATAGAGGCTCAACAGCATCTGTTGAAACTCACGGTCTGGtgatagcaagcttgcc",1.85954906688667,-0.0890634312541182,2.35166439063552,1.23776095510813,0.785620511462139,0.301418520909749,0.220799900291658,-0.0890634312541182,-0.0890634312541182,0.222468059880534,0.16603362177604,0.401694083186116,0.296958762843919,0.752005595334233,0.0889811078338967,1.28360550986089,1.6281422306217,1.00492595448954,0.657251017264534,-0.0890634312541182,0.910936568745882,1.41635138896663,1.41870507874728,1.83028421170406,0,"BF520","gp41",45,"L"
"6222","4365","BF520_gp41_46_R","aggaattctacgctgagtAGACAATTATTGTCTGGTATAGTGCAACAGCAAAGCAATTTGCTGCGTGCTATAGAGGCTCAACAGCATCTGTTGAAACTCACGGTCTGGGGCtgatagcaagcttgcc",0,0,0,0,0,0,0,0,0,0,0,0,0,0,0,0,0,0,0,0,1,0.940884262637966,0,0,0,"BF520","gp41",46,"R"
"6243","4384","BF520_gp41_47_A","aggaattctacgctgagtCAATTATTGTCTGGTATAGTGCAACAGCAAAGCAATTTGCTGAGGGCTATAGAGGCTCAACAGCATCTGTTGAAACTCACGGTCTGGGGCATTtgatagcaagcttgcc",0,0,0,0,0,0,0,0,0,0,0,0,0,0,0,0,0,0,0,0,1,1.07529630015768,0.222822932512523,0.997063710627623,0,"BF520","gp41",47,"A"
"6273","4410","BF520_gp41_48_I","aggaattctacgctgagtTTATTGTCTGGTATAGTGCAACAGCAAAGCAATTTGCTGAGGGCTATCGAGGCTCAACAGCATCTGTTGAAACTCACGGTCTGGGGCATTAAAtgatagcaagcttgcc",0,0,0,0,0,0,0,0,0,0,0,0,0,0,0,0,0,0,0,0,1,0,0,0,0,"BF520","gp41",48,"I"
"6285","4421","BF520_gp41_49_E","aggaattctacgctgagtTTGTCTGGTATAGTGCAACAGCAAAGCAATTTGCTGAGGGCTATAGAAGCTCAACAGCATCTGTTGAAACTCACGGTCTGGGGCATTAAACAGtgatagcaagcttgcc",0,0,0,0,0,0,0,0,0,0,0,0,0,0,0,0,0,0,0,0,1,0,0,0,0,"BF520","gp41",49,"E"
"6310","4444","BF520_gp41_50_A","aggaattctacgctgagtTCTGGTATAGTGCAACAGCAAAGCAATTTGCTGAGGGCTATAGAGGCTCAACAGCATCTGTTGAAACTCACGGTCTGGGGCATTAAACAGCTCtgatagcaagcttgcc",0,0,0,0,0,0,0,0,0,0,0,0,0,0,0,0,0,0,0,0,1,0,0,0,0,"BF520","gp41",50,"A"
"6346","4477","BF520_gp41_51_Q","aggaattctacgctgagtGGTATAGTGCAACAGCAAAGCAATTTGCTGAGGGCTATAGAGGCTCAGCAGCATCTGTTGAAACTCACGGTCTGGGGCATTAAACAGCTCCAGtgatagcaagcttgcc",0,0,0,0,0,0,0,0,0,0,0,0,0,0,0,0,0,0,0,0,1,0,0,0,0,"BF520","gp41",51,"Q"
"6372","4518","BF520_gp41_53_H","aggaattctacgctgagtGTGCAACAGCAAAGCAATTTGCTGAGGGCTATAGAGGCTCAACAGCACCTGTTGAAACTCACGGTCTGGGGCATTAAACAGCTCCAGGCAAGAtgatagcaagcttgcc",0,0,0,0,0,0,0,0,0,0,0,0,0,0,0,0,0,0,0,0,1,0,0,0,0,"BF520","gp41",53,"H"
"6391","4535","BF520_gp41_54_L","aggaattctacgctgagtCAACAGCAAAGCAATTTGCTGAGGGCTATAGAGGCTCAACAGCATCTGTTGAAACTCACGGTCTGGGGCATTAAACAGCTCCAGGCAAGAGTCtgatagcaagcttgcc",0,0,0,0,0,0,0,0,0,0,0,0,0,0,0,0,0,0,0,0,1,0,0,0,0,"BF520","gp41",54,"L"
"6413","4555","BF520_gp41_55_L","aggaattctacgctgagtCAGCAAAGCAATTTGCTGAGGGCTATAGAGGCTCAACAGCATCTGCTGAAACTCACGGTCTGGGGCATTAAACAGCTCCAGGCAAGAGTCCTAtgatagcaagcttgcc",0,0,0,0,0,0,0,0,0,0,0,0,0,0,0,0,0,0,0,0,1,0,0,0,0,"BF520","gp41",55,"L"
"6426","4567","BF520_gp41_56_K","aggaattctacgctgagtCAAAGCAATTTGCTGAGGGCTATAGAGGCTCAACAGCATCTGTTGAAACTCACGGTCTGGGGCATTAAACAGCTCCAGGCAAGAGTCCTAGCTtgatagcaagcttgcc",0,0,0,0,0,0,0,0,0,0,0,0,0,0,0,0,0,0,0,0,1,0,0,0,0,"BF520","gp41",56,"K"
"6457","4595","BF520_gp41_57_L","aggaattctacgctgagtAGCAATTTGCTGAGGGCTATAGAGGCTCAACAGCATCTGTTGAAACTGACGGTCTGGGGCATTAAACAGCTCCAGGCAAGAGTCCTAGCTGTGtgatagcaagcttgcc",0,0,0,0,0,0,0,0,0,0,0,0,0,0,0,0,0,0,0,0,1,0,0,0,0,"BF520","gp41",57,"L"
"6476","4611","BF520_gp41_58_T","aggaattctacgctgagtAATTTGCTGAGGGCTATAGAGGCTCAACAGCATCTGTTGAAACTCACCGTCTGGGGCATTAAACAGCTCCAGGCAAGAGTCCTAGCTGTGGAAtgatagcaagcttgcc",0,0,0,0,0,0,0,0,0,0,0,0,0,0,0,0,0,0,0,0,1,0,0,0,0,"BF520","gp41",58,"T"
"6489","4623","BF520_gp41_59_V","aggaattctacgctgagtTTGCTGAGGGCTATAGAGGCTCAACAGCATCTGTTGAAACTCACGGTTTGGGGCATTAAACAGCTCCAGGCAAGAGTCCTAGCTGTGGAAAGAtgatagcaagcttgcc",0,0,0,0,0,0,0,0,0,0,0,0,0,0,0,0,0,0,0,0,1,0,0,0,0,"BF520","gp41",59,"V"
"6521","4652","BF520_gp41_60_W","aggaattctacgctgagtCTGAGGGCTATAGAGGCTCAACAGCATCTGTTGAAACTCACGGTCTGGGGCATTAAACAGCTCCAGGCAAGAGTCCTAGCTGTGGAAAGATACtgatagcaagcttgcc",0,0,0,0,0,0,0,0,0,0,0,0,0,0,0,0,0,0,0,0,1,0,0,0,0,"BF520","gp41",60,"W"
"6530","4660","BF520_gp41_61_G","aggaattctacgctgagtAGGGCTATAGAGGCTCAACAGCATCTGTTGAAACTCACGGTCTGGGGTATTAAACAGCTCCAGGCAAGAGTCCTAGCTGTGGAAAGATACCTAtgatagcaagcttgcc",0,0,0,0,0,0,0,0,0,0,0,0,0,0,0,0,0,0,0,0,1,0,0,0,0,"BF520","gp41",61,"G"
"6563","4690","BF520_gp41_62_I","aggaattctacgctgagtGCTATAGAGGCTCAACAGCATCTGTTGAAACTCACGGTCTGGGGCATCAAACAGCTCCAGGCAAGAGTCCTAGCTGTGGAAAGATACCTAAAGtgatagcaagcttgcc",-1.58314269656696e-06,-1.58314269656696e-06,-1.58314269656696e-06,0.382736220615643,0.468579100455298,-1.58314269656696e-06,-1.58314269656696e-06,-1.58314269656696e-06,-1.58314269656696e-06,3.11531332820383,-1.58314269656696e-06,-1.58314269656696e-06,-1.58314269656696e-06,-1.58314269656696e-06,-1.58314269656696e-06,0.197979514133506,-1.58314269656696e-06,-1.58314269656696e-06,2.79867759880225,-1.58314269656696e-06,0.999998416857303,0.470440548176287,0.779878680651133,0.872429163656474,0,"BF520","gp41",62,"I"
"6582","4707","BF520_gp41_63_K","aggaattctacgctgagtATAGAGGCTCAACAGCATCTGTTGAAACTCACGGTCTGGGGCATTAAACAGCTCCAGGCAAGAGTCCTAGCTGTGGAAAGATACCTAAAGGATtgatagcaagcttgcc",-0.839355993414607,-0.839355993414607,-0.839355993414607,-0.839355993414607,-0.839355993414607,-0.839355993414607,-0.839355993414607,-0.839355993414607,-0.839355993414607,-0.839355993414607,-0.839355993414607,-0.839355993414607,-0.839355993414607,-0.839355993414607,0.83934966084382,-0.205816482130757,-0.839355993414607,-0.839355993414607,-0.839355993414607,-0.839355993414607,0.160644006585393,-0.46300228835942,-0.371427835138309,-0.839355993414607,0,"BF520","gp41",63,"K"
"6615","4737","BF520_gp41_64_Q","aggaattctacgctgagtGAGGCTCAACAGCATCTGTTGAAACTCACGGTCTGGGGCATTAAACAGCTCCAGGCAAGAGTCCTAGCTGTGGAAAGATACCTAAAGGATCAAtgatagcaagcttgcc",0.982350284423677,1.89677710671412,-0.225467379713176,-0.225467379713176,-0.225467379713176,-0.225467379713176,-0.225467379713176,-0.225467379713176,-0.225467379713176,0.270150901637407,-0.225467379713176,-0.225467379713176,-0.05000274603225,0.666575527274469,0.225424634860369,0.746439825097275,-0.225467379713176,-0.225467379713176,-0.225467379713176,1.02597538001294,0.774532620286824,0.71541688292479,0.696209295679531,0.409027708868039,0,"BF520","gp41",64,"Q"
"6635","4755","BF520_gp41_65_L","aggaattctacgctgagtGCTCAACAGCATCTGTTGAAACTCACGGTCTGGGGCATTAAACAGCTGCAGGCAAGAGTCCTAGCTGTGGAAAGATACCTAAAGGATCAACAGtgatagcaagcttgcc",0.469785622607937,-0.0363474937922681,-0.0363474937922681,-0.0363474937922681,-0.0363474937922681,-0.0363474937922681,-0.0363474937922681,-0.0363474937922681,-0.0363474937922681,-0.0363474937922681,0.145864686943559,0.314193587950756,-0.0363474937922681,-0.0363474937922681,0.0363237466518196,1.09497306207175,-0.0363474937922681,1.23707930442786,-0.0363474937922681,-0.0363474937922681,0.963652506207732,0.50130065628657,0.0379268170452394,0.212918433864638,0,"BF520","gp41",65,"L"
"6659","4777","BF520_gp41_66_Q","aggaattctacgctgagtCAACAGCATCTGTTGAAACTCACGGTCTGGGGCATTAAACAGCTCCAGGCAAGAGTCCTAGCTGTGGAAAGATACCTAAAGGATCAACAGCTCtgatagcaagcttgcc",7.33422506569486,-0.932615835508489,-0.932615835508489,-0.932615835508489,1.56648114368082,-0.498746999770859,-0.342399965897486,-0.932615835508489,2.45052385715193,4.95186788592383,-0.932615835508489,0.703242545958957,0.354124811484967,-0.932615835508489,0.932612669223096,-0.580649440350795,-0.932615835508489,-0.932615835508489,3.66008846306783,-0.932615835508489,0.0673841644915107,2.83092121504338,-0.239388934358419,2.55710715168819,0,"BF520","gp41",66,"Q"
"6667","4784","BF520_gp41_67_A","aggaattctacgctgagtCAGCATCTGTTGAAACTCACGGTCTGGGGCATTAAACAGCTCCAGGCTAGAGTCCTAGCTGTGGAAAGATACCTAAAGGATCAACAGCTCCTAtgatagcaagcttgcc",0,0,0,1.3608455244741,0.833032326396435,0,0.196738623203668,0,0,0,0.283441170033509,0.545286127155816,0.428913548997819,0.415342729179433,0,0,0.293539429380482,7.65342368627248,0.446512917917142,0,1,0.836341566789303,2.19521852030856,0.969367496443523,0,"BF520","gp41",67,"A"
"6691","4805","BF520_gp41_68_R","aggaattctacgctgagtCATCTGTTGAAACTCACGGTCTGGGGCATTAAACAGCTCCAGGCACGTGTCCTAGCTGTGGAAAGATACCTAAAGGATCAACAGCTCCTAGGAtgatagcaagcttgcc",6.70433961727141,-0.381524012331461,-0.381524012331461,0.639110131024113,-0.381524012331461,0.269279241274984,-0.381524012331461,-0.381524012331461,-0.381524012331461,-0.381524012331461,0.256218620243935,-0.381524012331461,-0.381524012331461,5.22560283159088,0.381524012331461,-0.381524012331461,-0.381524012331461,-0.381524012331461,-0.381524012331461,34.3324099313757,0.618475987668539,0.245732162760517,2.47803695491258,6.30711171312885,0,"BF520","gp41",68,"R"
"6711","4823","BF520_gp41_69_V","aggaattctacgctgagtCTGTTGAAACTCACGGTCTGGGGCATTAAACAGCTCCAGGCAAGAGTTCTAGCTGTGGAAAGATACCTAAAGGATCAACAGCTCCTAGGAATTtgatagcaagcttgcc",3.57931488540978,3.78372910637792,-1.14459420099213,-0.80438281987361,-1.14459420099213,-1.14459420099213,-1.14459420099213,-1.14459420099213,-1.14459420099213,-0.106155897209959,-0.932013323467002,-1.14459420099213,-0.0723103284975872,-1.14459420099213,1.14454987299663,1.31917056511173,-1.14459420099213,-0.874473365006047,-1.14459420099213,-0.346572731021855,-0.144594200992134,-0.726423417597482,0.588473051883042,0.212520294028798,0,"BF520","gp41",69,"V"
"6746","4855","BF520_gp41_70_L","aggaattctacgctgagtTTGAAACTCACGGTCTGGGGCATTAAACAGCTCCAGGCAAGAGTCCTGGCTGTGGAAAGATACCTAAAGGATCAACAGCTCCTAGGAATTTGGtgatagcaagcttgcc",-0.27391625866272,0.444381875204981,-0.27391625866272,-0.27391625866272,-0.27391625866272,-0.27391625866272,-0.27391625866272,-0.27391625866272,-0.27391625866272,-0.27391625866272,-0.175802007497274,-0.27391625866272,0.0230238906434626,-0.27391625866272,0.273913092377326,-0.192693244395559,-0.27391625866272,-0.0869095260569668,0.0352080691260714,4.69837136192133,0.72608374133728,-0.0809143586344188,0.365985496245038,-0.0502160671757528,0,"BF520","gp41",70,"L"
"6756","4864","BF520_gp41_71_A","aggaattctacgctgagtAAACTCACGGTCTGGGGCATTAAACAGCTCCAGGCAAGAGTCCTAGCTGTGGAAAGATACCTAAAGGATCAACAGCTCCTAGGAATTTGGGGCtgatagcaagcttgcc",0.0605419305197796,-0.52994670528046,-0.52994670528046,-0.52994670528046,-0.52994670528046,-0.421479496346052,-0.52994670528046,-0.52994670528046,-0.212777359093545,-0.313605391992507,-0.476801485899177,-0.52994670528046,-0.208261543532096,-0.374193181838173,0.529842217862486,0.921914674745029,-0.52994670528046,-0.52994670528046,-0.0993806772889296,2.3961320179439,0.47005329471954,-0.216318617734471,-0.140006573383545,-0.214902268936315,0,"BF520","gp41",71,"A"
"6777","4883","BF520_gp41_72_V","aggaattctacgctgagtCTCACGGTCTGGGGCATTAAACAGCTCCAGGCAAGAGTCCTAGCTGTTGAAAGATACCTAAAGGATCAACAGCTCCTAGGAATTTGGGGCTGCtgatagcaagcttgcc",1.03260523921777,1.66732602822731,1.7367429520036,0.702156420413602,0.892918375612835,1.04476726589577,0.072958918721417,-0.148372032382709,0.697412890782397,0.284310594193197,0.0642088451424228,0.260592562984153,0.816683452862383,1.72067024892474,0.148368866097316,-0.0603804335932855,-0.0933333893738687,5.32157489633556,0.856282032930861,-0.148372032382709,0.851627967617291,0.583426838557931,0.241568099514206,1.74189458568216,0,"BF520","gp41",72,"V"
"6798","4901","BF520_gp41_73_E","aggaattctacgctgagtACGGTCTGGGGCATTAAACAGCTCCAGGCAAGAGTCCTAGCTGTGGAAAGATACCTAAAGGATCAACAGCTCCTAGGAATTTGGGGCTGCTCTtgatagcaagcttgcc",0.375527399584312,7.49488411934393,3.36164640925882,-0.805449872016167,1.27713094397492,2.66550081388487,-0.362787969807915,-0.805449872016167,-0.805449872016167,4.73288774815543,0.470035393134624,0.83040850945128,1.55357464747184,1.37509945617585,0.805429291161111,0.338440912246339,-0.805449872016167,12.5655315092952,1.39522093771832,-0.539442715359407,0.194550127983833,5.57165457475227,1.62084428200908,2.97508336411357,0,"BF520","gp41",73,"E"
"6824","4925","BF520_gp41_74_R","aggaattctacgctgagtGTCTGGGGCATTAAACAGCTCCAGGCAAGAGTCCTAGCTGTGGAACGTTACCTAAAGGATCAACAGCTCCTAGGAATTTGGGGCTGCTCTGGAtgatagcaagcttgcc",0.395756082203534,-0.0663654588575227,1.64188519060924,0.19988692636567,1.2375112259369,0.273184064763231,0.280065595044588,-0.0663654588575227,11.1862513449913,-0.0663654588575227,-0.0663654588575227,0.573753038238435,0.269306014271205,0.177422664791275,0.066338545431681,1.10430537721046,3.0349424254667,-0.0663654588575227,1.95542284649401,4.09722481924828,0.933634541142477,2.388115226285,2.51063019541774,1.14745123234132,0,"BF520","gp41",74,"R"
"6856","4954","BF520_gp41_75_Y","aggaattctacgctgagtTGGGGCATTAAACAGCTCCAGGCAAGAGTCCTAGCTGTGGAAAGATACCTAAAGGATCAACAGCTCCTAGGAATTTGGGGCTGCTCTGGAAAAtgatagcaagcttgcc",0.215424407483406,-0.290708708916799,-0.290708708916799,2.91699859877214,0.780332853592903,0.453066438061995,-0.164233879714442,-0.290708708916799,0.796729049438336,4.01139283532364,-0.290708708916799,-0.290708708916799,-0.106888616489163,-0.0237026687300212,0.290661214635902,1.97193240281123,-0.102004790029347,-0.290708708916799,-0.208696132156508,0.963325029607925,0.709291291083201,1.23262771630657,1.34332612950837,0.706355001710824,0,"BF520","gp41",75,"Y"
"6879","4975","BF520_gp41_76_L","aggaattctacgctgagtGGCATTAAACAGCTCCAGGCAAGAGTCCTAGCTGTGGAAAGATACCTGAAGGATCAACAGCTCCTAGGAATTTGGGGCTGCTCTGGAAAACTCtgatagcaagcttgcc",0,0,0,0,0,0,0,0,0,0,0,0,0,0,0,0,0,0,0,0,1,0,0,0,0,"BF520","gp41",76,"L"
"6892","4987","BF520_gp41_77_K","aggaattctacgctgagtATTAAACAGCTCCAGGCAAGAGTCCTAGCTGTGGAAAGATACCTAAAAGATCAACAGCTCCTAGGAATTTGGGGCTGCTCTGGAAAACTCATCtgatagcaagcttgcc",0,0,0,0,0,0,0,0,0,0,0,0,0,0,0,0,0,0,0,0,1,0,0,0,0,"BF520","gp41",77,"K"
"6911","5002","BF520_gp41_78_D","aggaattctacgctgagtAAACAGCTCCAGGCAAGAGTCCTAGCTGTGGAAAGATACCTAAAGGACCAACAGCTCCTAGGAATTTGGGGCTGCTCTGGAAAACTCATCTGCtgatagcaagcttgcc",-0.687908551604794,-0.698577309490118,-0.716711872425963,-0.775749836269293,0.711316134818558,0.83781194953181,-0.161144881137174,-0.775749836269293,-0.775749836269293,-0.647017815139271,-0.712502633038675,-0.654074419465929,-0.424820568907441,-0.775749836269293,0.77557094114458,0.70338166734796,-0.775749836269293,-0.253367393122644,-0.718815485460495,0.411389540545999,0.224250163730707,-0.340299268436845,-0.131220692638029,-0.429661606134084,0,"BF520","gp41",78,"D"
"6949","5037","BF520_gp41_79_Q","aggaattctacgctgagtCAGCTCCAGGCAAGAGTCCTAGCTGTGGAAAGATACCTAAAGGATCAGCAGCTCCTAGGAATTTGGGGCTGCTCTGGAAAACTCATCTGCACCtgatagcaagcttgcc",0.926598641906285,3.37701749152585,0.473209609893503,2.58071621296018,9.8808480081291,11.3154569899759,3.97550176918466,-0.254378629694194,-0.254378629694194,1.93788001162373,-0.0417977521690618,0.154585965672668,0.817905242800353,0.264799781780097,0.254320053414421,0.830851088708697,4.33217495437583,2.89703112347683,0.606753426288867,0.720980944713925,0.745621370305806,1.55769476501596,2.17191552433105,2.26597686105897,0,"BF520","gp41",79,"Q"
"6971","5057","BF520_gp41_80_Q","aggaattctacgctgagtCTCCAGGCAAGAGTCCTAGCTGTGGAAAGATACCTAAAGGATCAACAGCTCCTAGGAATTTGGGGCTGCTCTGGAAAACTCATCTGCACCACTtgatagcaagcttgcc",0.61411093572894,1.62313932676461,0.157771865295029,1.01370440449268,2.40366449396054,2.67751323148803,1.78084677823531,-0.386807020918999,1.86609093585263,-0.163286668535392,-0.0264681343517357,-0.155732854926961,0.236367821571105,0.317226842891878,0.386506223806652,0.962660547959155,-0.235759265217608,1.0195171520848,0.68671186501504,-0.193564153751309,0.613192979081,0.971779223786943,0.424548231099693,0.755568665472739,0,"BF520","gp41",80,"Q"
"6991","5075","BF520_gp41_81_L","aggaattctacgctgagtCAGGCAAGAGTCCTAGCTGTGGAAAGATACCTAAAGGATCAACAGCTGCTAGGAATTTGGGGCTGCTCTGGAAAACTCATCTGCACCACTAATtgatagcaagcttgcc",0.145097350038316,0.606991406020647,-0.5450841723256,0.250215160159262,14.1573954584894,14.0599550774398,7.76776141979301,-0.5450841723256,-0.5450841723256,-0.261873725839552,-0.495389941215829,-0.5450841723256,0.357305372319161,0.911312410511372,0.544984434335716,0.750792100755002,-0.5450841723256,-0.5450841723256,1.6468883338131,-0.482900681159085,0.4549158276744,1.06786027791091,0.285437667039257,0.134731994011416,0,"BF520","gp41",81,"L"
"7013","5095","BF520_gp41_82_L","aggaattctacgctgagtGCAAGAGTCCTAGCTGTGGAAAGATACCTAAAGGATCAACAGCTCCTGGGAATTTGGGGCTGCTCTGGAAAACTCATCTGCACCACTAATGTGtgatagcaagcttgcc",-0.0331125471021331,0.417274141446044,2.13268083688366,0.444135889600848,1.85771218694516,2.3395868451066,1.57456437068275,-0.462077385665536,-0.462077385665536,0.166573605413359,-0.37628241267333,-0.429066790523816,-0.046627490672133,-0.135204520324771,0.461792419980154,0.816365574324295,-0.213292846863244,0.922443311787818,0.395193091591143,0.25721550879198,0.537922614334464,0.483026088912511,0.573100004841071,0.116934948533017,0,"BF520","gp41",82,"L"
"7020","5100","BF520_gp41_83_G","aggaattctacgctgagtAGAGTCCTAGCTGTGGAAAGATACCTAAAGGATCAACAGCTCCTAGGTATTTGGGGCTGCTCTGGAAAACTCATCTGCACCACTAATGTGCCCtgatagcaagcttgcc",0.465379759726532,-0.619949111291084,-0.299422470618817,0.366528153624716,15.2151777749044,15.9199490730088,7.80703694844509,-0.835604440165913,0.0785464698601137,-0.439894693920973,-0.508632466882454,-0.665596063339042,-0.247210333688536,-0.110433300998127,0.834994930227735,0.572667568172898,0.770557899463894,-0.21800714772659,-0.199201996945175,0.0600963321332918,0.164395559834087,-0.0576908927654696,-0.0647297221433748,0.026752048587078,0,"BF520","gp41",83,"G"
"7053","5130","BF520_gp41_84_I","aggaattctacgctgagtGTCCTAGCTGTGGAAAGATACCTAAAGGATCAACAGCTCCTAGGAATCTGGGGCTGCTCTGGAAAACTCATCTGCACCACTAATGTGCCCTGGtgatagcaagcttgcc",0.704836255298858,1.88151790167831,1.08679081272241,0.330978431475092,20.3356136429949,20.0410561721616,15.8530556031271,-0.712336470621717,-0.0920941936339725,-0.481572403114567,-0.343862949578155,-0.548750632474972,0.0168165626745751,-0.193158059147426,0.712019842082403,0.460884846570597,-0.22065792640941,1.07946507475266,0.901488789850241,0.803904322321814,0.287663529378283,0.779139323485874,0.211966064245044,0.353967775466158,0,"BF520","gp41",84,"I"
"7077","5152","BF520_gp41_85_W","aggaattctacgctgagtCTAGCTGTGGAAAGATACCTAAAGGATCAACAGCTCCTAGGAATTTGGGGCTGCTCTGGAAAACTCATCTGCACCACTAATGTGCCCTGGAACtgatagcaagcttgcc",0.977045889652687,0.956780070058176,1.15356788395591,0.710423395061166,13.0252908874465,11.4126390026106,10.9029852908462,-0.377202178553267,0.386943273263855,0.909819811848579,-0.170366730150436,-0.348779928682211,-0.168541533094869,0.0124823125301389,0.377007452001589,0.374973109940106,-0.155347571212613,0.401872201684599,0.507203716780687,1.45300922361795,0.622797821446733,0.799811339186891,0.490000585819794,0.599650781183256,0,"BF520","gp41",85,"W"
"7086","5160","BF520_gp41_86_G","aggaattctacgctgagtGCTGTGGAAAGATACCTAAAGGATCAACAGCTCCTAGGAATTTGGGGTTGCTCTGGAAAACTCATCTGCACCACTAATGTGCCCTGGAACTCTtgatagcaagcttgcc",0.223403481618833,0.103097890315837,1.73627234577549,0.981810266247779,25.7508286127244,29.3629318803286,21.3213351393443,-0.225700551243321,-0.225700551243321,2.80185901048781,0.0976619103442031,-0.018338221198152,0.698577941667471,0.643009241477042,0.225679970388266,0.0642999292739338,-0.225700551243321,2.9244410289888,0.647560125246543,-0.225700551243321,0.774299448756679,1.25851124334051,0.631069316023139,1.37170785838896,0,"BF520","gp41",86,"G"
"7122","5193","BF520_gp41_87_C","aggaattctacgctgagtGTGGAAAGATACCTAAAGGATCAACAGCTCCTAGGAATTTGGGGCTGCTCTGGAAAACTCATCTGCACCACTAATGTGCCCTGGAACTCTAGTtgatagcaagcttgcc",0.58943816832814,0.73643653560584,0.34646857918347,0.909824832466583,19.8944297406702,19.4403317566597,16.5743501605823,19.6384593072178,0.355462576515924,0.275389718046107,-0.425808218539577,-0.329863532130311,0.0154441348934692,-0.0245461569321861,0.512706524679504,0.374084222055075,1.05306940336764,-0.185290219987948,0.0442793078436987,-0.210150718011392,0.486866026792423,0.138848067707528,0.428547175190781,0.355676728999066,0,"BF520","gp41",87,"C"
"7137","5206","BF520_gp41_88_S","aggaattctacgctgagtGAAAGATACCTAAAGGATCAACAGCTCCTAGGAATTTGGGGCTGCTCTGGAAAACTCATCTGCACCACTAATGTGCCCTGGAACTCTAGTTGGtgatagcaagcttgcc",-0.591877160314277,-0.165390028092955,-0.160858748406881,0.22661891327243,13.8203744418392,13.1783577313289,10.6438038989674,-0.703173447690238,0.133755088844866,0.0308012696427121,-0.703173447690238,-0.549008783468175,0.00419706505485518,-0.438963282269814,0.703072126557658,-0.172459720960312,1.76578515597334,0.63328828009433,-0.279370236892293,-0.690639079051962,0.296826552309762,-0.112041973781569,-0.270360316998375,-0.164184818777662,0,"BF520","gp41",88,"S"
"7153","5220","BF520_gp41_89_G","aggaattctacgctgagtAGATACCTAAAGGATCAACAGCTCCTAGGAATTTGGGGCTGCTCTGGTAAACTCATCTGCACCACTAATGTGCCCTGGAACTCTAGTTGGAGTtgatagcaagcttgcc",-0.215939536063594,-0.422323913624842,-0.110225163016175,-0.243960665271441,2.19808845290375,2.53472387946075,1.95000006714171,-0.422323913624842,-0.422323913624842,-0.180357706918316,-0.422323913624842,-0.422323913624842,-0.309890264858424,-0.0956951654351914,0.422214676778779,0.638700996049566,-0.422323913624842,-0.422323913624842,0.279958539798236,0.298219743726963,0.577676086375158,-0.11174075896765,-0.270890852694002,-0.151277468017333,0,"BF520","gp41",89,"G"
"7182","5247","BF520_gp41_90_K","aggaattctacgctgagtTACCTAAAGGATCAACAGCTCCTAGGAATTTGGGGCTGCTCTGGAAAACTCATCTGCACCACTAATGTGCCCTGGAACTCTAGTTGGAGTAATtgatagcaagcttgcc",-0.209519572835766,-0.494519033182079,0.185911333038106,-0.126604962807971,3.10710495348565,2.38009518594907,2.86346589093232,-0.54340843496365,-0.22457851628361,-0.24981854803047,-0.52337463498746,-0.54340843496365,-0.482776676728357,-0.425981694776795,0.543235872409725,0.360463380873255,-0.159578736074774,-0.530680228032369,0.475522688869709,-0.54340843496365,0.45659156503635,-0.0902076383003367,-0.257588442997325,-0.424648228593083,0,"BF520","gp41",90,"K"
"7213","5275","BF520_gp41_91_L","aggaattctacgctgagtCTAAAGGATCAACAGCTCCTAGGAATTTGGGGCTGCTCTGGAAAACTGATCTGCACCACTAATGTGCCCTGGAACTCTAGTTGGAGTAATAAAtgatagcaagcttgcc",-0.653802690892754,-0.735628982400014,-0.651559297287574,-0.770512291521533,7.65582072869526,9.08579153703014,9.11674215081773,49.3976169150297,-0.219226627002984,-0.929160085825508,-0.88950769416279,-0.929160085825508,-0.749149736246113,-0.75484526166212,0.929039766980569,-0.30546833896576,-0.836763607406523,-0.639444992306751,-0.491901321647581,-0.743092903708086,0.0708399141744916,-0.373404614630026,-0.266463903119871,-0.630815892619574,0,"BF520","gp41",91,"L"
"7230","5290","BF520_gp41_92_I","aggaattctacgctgagtAAGGATCAACAGCTCCTAGGAATTTGGGGCTGCTCTGGAAAACTCATCTGCACCACTAATGTGCCCTGGAACTCTAGTTGGAGTAATAAATCCtgatagcaagcttgcc",0.238788985591259,-0.693048243256393,-0.0485518210283884,-0.224616978487018,27.4453110646403,26.9579960996679,18.4189611844532,-1.02654380540925,-1.02654380540925,-0.952369640853384,-1.02654380540925,-0.938908534973498,-0.612948597447071,-0.759537765222476,1.02641873713623,0.463028259811702,-0.908603856104596,-0.187239779309625,0.695720306556867,-1.02654380540925,-0.0265438054092537,-0.309679605304137,-0.432349318709193,-0.257973861800461,0,"BF520","gp41",92,"I"
"7256","5313","BF520_gp41_93_C","aggaattctacgctgagtGATCAACAGCTCCTAGGAATTTGGGGCTGCTCTGGAAAACTCATCTGCACCACTAATGTGCCCTGGAACTCTAGTTGGAGTAATAAATCCCAGtgatagcaagcttgcc",1.04202549368102,1.33948606952872,1.27662838731585,0.297650357992131,17.4999201366866,16.4377200346492,22.8037468508721,-0.353003908397047,0.598504130163697,0.542649128615079,-0.113850421181274,0.0150642274331287,-0.0152344885612646,0.207708775995187,0.352815514416155,0.824983620396361,-0.353003908397047,2.9137699518097,1.18626964167267,0.664473465815059,0.646996091602953,1.02303932571098,0.953295533457617,0.857493752786802,0,"BF520","gp41",93,"C"
"7276","5331","BF520_gp41_94_T","aggaattctacgctgagtCAACAGCTCCTAGGAATTTGGGGCTGCTCTGGAAAACTCATCTGCACCACTAATGTGCCCTGGAACTCTAGTTGGAGTAATAAATCCCAGGATtgatagcaagcttgcc",1.03603209593418,0.19858914904876,-0.118362593888705,-0.307440756402219,29.4888082711448,33.3126866619031,16.0780158277049,-0.888146389690735,-0.560040169497375,-0.0556053357964056,-0.822173013907074,-0.888146389690735,-0.289146433331713,-0.549785287040249,0.88791366771434,1.11897232062663,-0.785660640639791,-0.531866321536672,0.0323740839463295,-0.640484554182718,0.111853610309265,0.150070727702883,0.792630040899414,-0.0307575523191367,0,"BF520","gp41",94,"T"
"7298","5351","BF520_gp41_95_T","aggaattctacgctgagtCAGCTCCTAGGAATTTGGGGCTGCTCTGGAAAACTCATCTGCACCACCAATGTGCCCTGGAACTCTAGTTGGAGTAATAAATCCCAGGATGAGtgatagcaagcttgcc",0.515832270480471,0.162135817876155,3.05067342988928,0.82312646471422,40.622546396704,43.5747653617265,26.10337054043,-0.521123382632145,0.96415745804804,0.542642684656912,0.0388457581657632,-0.162032518407584,-0.144516363999914,-0.247605000001787,0.521088553492821,0.328746693480336,-0.521123382632145,4.99329465932774,3.00741772481064,-0.521123382632145,0.478876617367855,0.718090036452006,1.98971063738701,0.500258955083957,0,"BF520","gp41",95,"T"
"7316","5368","BF520_gp41_96_N","aggaattctacgctgagtCTCCTAGGAATTTGGGGCTGCTCTGGAAAACTCATCTGCACCACTAACGTGCCCTGGAACTCTAGTTGGAGTAATAAATCCCAGGATGAGATAtgatagcaagcttgcc",-0.246979164722005,0.862690948667527,-0.849417239630335,-0.273944314350638,14.3882026155611,11.3706145133484,12.2979341196859,-0.925412916492493,0.208298789026691,1.46078573900697,-0.925412916492493,-0.925412916492493,-0.350486244431587,-0.448210631903357,0.925384419923955,-0.318832533348381,-0.925412916492493,-0.821962383561651,-0.229178488250869,0.704588383872332,0.0745870835075072,0.475904070415116,-0.493989791840587,-0.182918663897454,0,"BF520","gp41",96,"N"
"7333","5383","BF520_gp41_97_V","aggaattctacgctgagtCTAGGAATTTGGGGCTGCTCTGGAAAACTCATCTGCACCACTAATGTTCCCTGGAACTCTAGTTGGAGTAATAAATCCCAGGATGAGATATGGtgatagcaagcttgcc",-0.534312706480222,-0.768945882886022,-0.809195347283781,0.0882588132530159,-0.550668073574543,-0.775533110028276,1.9612575923989,-0.809195347283781,0.240744557334971,-0.0840789455048491,-0.677248595716458,-0.618815277026794,-0.343306492337875,-0.374159643876013,0.808992705018621,0.938499856257873,0.0619335196492432,0.720713180671903,0.111325126353283,0.429113830256307,0.190804652716219,-0.371197500883349,0.602656854411944,-0.162393241898189,0,"BF520","gp41",97,"V"
"7373","5419","BF520_gp41_98_P","aggaattctacgctgagtGGAATTTGGGGCTGCTCTGGAAAACTCATCTGCACCACTAATGTGCCGTGGAACTCTAGTTGGAGTAATAAATCCCAGGATGAGATATGGGGAtgatagcaagcttgcc",1.89660080940916,0.596093935574959,1.4512298323186,0.411898573711999,11.6716058231572,12.0967376299974,13.896656682139,-0.26852418852505,-0.26852418852505,-0.26852418852505,-0.26852418852505,0.00411887505285757,-0.125553005525777,1.08133968130811,0.268435532534043,1.37398565554419,-0.26852418852505,-0.223504049194036,3.59062317347311,-0.22418966241559,0.73147581147495,2.76321399108617,2.01334769442726,0.959341306970079,0,"BF520","gp41",98,"P"
"7388","5432","BF520_gp41_99_W","aggaattctacgctgagtATTTGGGGCTGCTCTGGAAAACTCATCTGCACCACTAATGTGCCCTGGAACTCTAGTTGGAGTAATAAATCCCAGGATGAGATATGGGGAAACtgatagcaagcttgcc",0.678510053038571,-0.421020510175667,-0.421020510175667,0.00131085948870796,-0.162493236466429,-0.421020510175667,3.51714399912533,-0.421020510175667,-0.421020510175667,-0.421020510175667,-0.421020510175667,-0.421020510175667,-0.421020510175667,-0.421020510175667,0.420963517038591,1.54513659380869,-0.421020510175667,-0.421020510175667,0.172863666364375,-0.421020510175667,0.578979489824333,0.941639456403456,-0.259665972839013,-0.120182321624229,0,"BF520","gp41",99,"W"
"7405","5448","BF520_gp41_100_N","aggaattctacgctgagtTGGGGCTGCTCTGGAAAACTCATCTGCACCACTAATGTGCCCTGGAACTCTAGTTGGAGTAATAAATCCCAGGATGAGATATGGGGAAACATGtgatagcaagcttgcc",0.0644192587992986,0.325648535884962,-0.0570597172988717,0.186143572581043,-0.233671408107944,-0.268586410513949,1.97020940170391,-0.498281676492694,0.486808998723135,-0.0218217488749907,-0.295704604968745,-0.195166741103138,-0.271209797611496,-0.234416883837525,0.498169273361238,0.163208107347796,1.83276673329348,-0.28377395379786,0.0386594878261551,0.248103110126567,0.501718323507306,0.365117999810381,0.666951188234556,0.22019070322427,0,"BF520","gp41",100,"N"
"7425","5466","BF520_gp41_101_S","aggaattctacgctgagtGGCTGCTCTGGAAAACTCATCTGCACCACTAATGTGCCCTGGAACTCTAGTTGGAGTAATAAATCCCAGGATGAGATATGGGGAAACATGACCtgatagcaagcttgcc",2.76837236040729,3.61202908114394,2.35555722349622,3.78835248304467,-0.138556423447754,-0.0590912351484998,0.110936623405032,-0.401619263362418,0.666740639582978,3.20558747609145,0.0682963606405049,0.114967593943091,1.08829095947211,1.86090560348344,0.401589183651183,0.126330329374123,7.28061659239782,2.20007089376674,0.988278090154101,-0.401619263362418,0.598380736637582,2.63562116339874,2.17061739616811,3.33299656504105,0,"BF520","gp41",101,"S"
"7447","5486","BF520_gp41_102_S","aggaattctacgctgagtTGCTCTGGAAAACTCATCTGCACCACTAATGTGCCCTGGAACTCTTCTTGGAGTAATAAATCCCAGGATGAGATATGGGGAAACATGACCTGGtgatagcaagcttgcc",1.55134488902137,1.53610484406862,0.586991733518112,0.858297497409958,-0.24578697898662,-0.197590777531213,-0.179700508944567,-0.331470303987396,-0.244475283318985,1.41310604636666,-0.244008457234199,-0.163210584750744,0.0435226845649825,-0.139225955052916,0.331291408862684,0.691243478513675,1.29893155520019,1.00215485196677,0.426325905277697,-0.126264783137896,0.668529696012604,0.356719328113516,0.71134102017121,0.625710858215122,0,"BF520","gp41",102,"S"
"7477","5512","BF520_gp41_103_W","aggaattctacgctgagtTCTGGAAAACTCATCTGCACCACTAATGTGCCCTGGAACTCTAGTTGGAGTAATAAATCCCAGGATGAGATATGGGGAAACATGACCTGGCTGtgatagcaagcttgcc",-0.459983890832816,3.22352961711426,-0.170776346104704,3.52400379068709,-0.885135708608989,-0.572750146877895,-0.672657995549027,-0.885135708608989,2.15969001478539,-0.511297919247406,-0.119844549518514,-0.590681199944848,0.504544190143944,-0.436565561095201,0.885135708608989,-0.885135708608989,1.80955625310383,3.49082183436563,-0.47179232173712,-0.885135708608989,0.114864291391011,0.54500837060072,-0.386012339780938,2.39520389935589,0,"BF520","gp41",103,"W"
"7492","5526","BF520_gp41_104_S","aggaattctacgctgagtGGAAAACTCATCTGCACCACTAATGTGCCCTGGAACTCTAGTTGGTCTAATAAATCCCAGGATGAGATATGGGGAAACATGACCTGGCTGCAAtgatagcaagcttgcc",-0.116766023023549,-0.70811358407788,0.418834753407596,-0.206959032661308,-0.60534798194957,-0.689546530760412,-0.739566184966795,75.1022777083031,-0.126903961788307,-0.123928999186661,-0.661488994690932,-0.781065738298818,-0.479485899159727,-0.343008953617385,0.780798187183099,1.31010960168108,1.07648846324954,-0.363222570132839,-0.0275751893136404,-0.76236211009639,0.218934261701182,0.0275066749056838,0.218155849687025,-0.113110947780703,0,"BF520","gp41",104,"S"
"7516","5548","BF520_gp41_105_N","aggaattctacgctgagtAAACTCATCTGCACCACTAATGTGCCCTGGAACTCTAGTTGGAGTAACAAATCCCAGGATGAGATATGGGGAAACATGACCTGGCTGCAATGGtgatagcaagcttgcc",-7.91571348283478e-07,-7.91571348283478e-07,0.892948411559007,-7.91571348283478e-07,1.87432194282063,-7.91571348283478e-07,-7.91571348283478e-07,-7.91571348283478e-07,-7.91571348283478e-07,-7.91571348283478e-07,-7.91571348283478e-07,-7.91571348283478e-07,3.86022114940902,-7.91571348283478e-07,-7.91571348283478e-07,0.395961402981058,-7.91571348283478e-07,-7.91571348283478e-07,-7.91571348283478e-07,2.39406361833949,0.999999208428652,-7.91571348283478e-07,6.6289814506762,0.436214581828237,0,"BF520","gp41",105,"N"
"7537","5567","BF520_gp41_106_K","aggaattctacgctgagtCTCATCTGCACCACTAATGTGCCCTGGAACTCTAGTTGGAGTAATAAATCCCAGGATGAGATATGGGGAAACATGACCTGGCTGCAATGGGATtgatagcaagcttgcc",2.26721571239289,3.29383612668905,2.28783356790717,2.14233061115858,-0.263449869608132,0.108437703881265,0.0211184960971729,-0.263449869608132,1.91142564710214,0.441204693672629,-0.126790734056262,-0.175814599172376,0.242055384567869,1.00482882127906,0.263416623611504,0.132512324944274,-0.263449869608132,0.315380493219198,1.33579537721755,-0.206448336038826,0.736550130391868,1.34949458062838,1.20346776943264,1.37755082079983,0,"BF520","gp41",106,"K"
"7558","5586","BF520_gp41_107_S","aggaattctacgctgagtATCTGCACCACTAATGTGCCCTGGAACTCTAGTTGGAGTAATAAATCTCAGGATGAGATATGGGGAAACATGACCTGGCTGCAATGGGATAAAtgatagcaagcttgcc",-0.218032347949658,-0.444619137899297,0.903566343035783,0.457250249929263,-0.413751379626933,-0.516255233071302,-0.550335636568738,-0.882332063224927,-0.882332063224927,1.16209334734623,-0.284448345185494,-0.422246893437208,-0.0379085136354718,-0.356663921607208,0.882216493808078,2.73082296206578,0.0464450375492531,-0.80636057810384,2.99276218869884,1.36210332106648,0.117667936775073,1.05824172846588,1.31108117869522,0.97158327372331,0,"BF520","gp41",107,"S"
"7593","5617","BF520_gp41_108_Q","aggaattctacgctgagtTGCACCACTAATGTGCCCTGGAACTCTAGTTGGAGTAATAAATCCCAGGATGAGATATGGGGAAACATGACCTGGCTGCAATGGGATAAAGAAtgatagcaagcttgcc",0.556952722805423,-0.626414601676006,0.257656694737468,3.43062626319334,-0.829411900377747,-0.489862376756994,-0.136549792573527,-0.829411900377747,3.80401854826588,-0.829411900377747,-0.330308970536134,-0.829411900377747,-0.661576163813383,-0.58562377672895,0.829388153237299,0.203532954976355,5.37320386827069,23.058665508131,3.43880785536438,6.76914035716534,0.170588099622253,1.70688480760286,1.40850537833498,2.05340274121951,0,"BF520","gp41",108,"Q"
"7599","5622","BF520_gp41_109_D","aggaattctacgctgagtACCACTAATGTGCCCTGGAACTCTAGTTGGAGTAATAAATCCCAGGACGAGATATGGGGAAACATGACCTGGCTGCAATGGGATAAAGAAGTTtgatagcaagcttgcc",0.612136729503703,-0.0258883865989338,0.893551483786886,-0.205462920065859,0.371251767439365,0.5454639110185,-0.00115742673897326,-0.205462920065859,-0.205462920065859,-0.205462920065859,-0.205462920065859,-0.205462920065859,0.388417378546505,-0.205462920065859,0.205409093214176,1.86572394374673,-0.205462920065859,0.262053911448523,2.90786066694982,0.254934081840071,0.794537079934141,0.735421342572107,0.934362080863584,0.935408056517672,0,"BF520","gp41",109,"D"
"7620","5641","BF520_gp41_110_E","aggaattctacgctgagtACTAATGTGCCCTGGAACTCTAGTTGGAGTAATAAATCCCAGGATGAAATATGGGGAAACATGACCTGGCTGCAATGGGATAAAGAAGTTAGCtgatagcaagcttgcc",-0.0570291918805172,-0.0570291918805172,0.0764464736056018,-0.0570291918805172,-0.0570291918805172,-0.0570291918805172,-0.0570291918805172,-0.0570291918805172,-0.0570291918805172,-0.0570291918805172,-0.0570291918805172,0.0346672136969082,-0.00894455180149514,-0.0570291918805172,0.0570291918805172,-0.0570291918805172,-0.0570291918805172,-0.0570291918805172,0.479302988050279,-0.0570291918805172,0.942970808119483,0.130491968577828,0.00125801910777418,-0.0570291918805172,0,"BF520","gp41",110,"E"
"7652","5670","BF520_gp41_111_I","aggaattctacgctgagtAATGTGCCCTGGAACTCTAGTTGGAGTAATAAATCCCAGGATGAGATCTGGGGAAACATGACCTGGCTGCAATGGGATAAAGAAGTTAGCAATtgatagcaagcttgcc",-0.41621355445194,-0.41621355445194,-0.41621355445194,-0.41621355445194,-0.41621355445194,-0.41621355445194,-0.41621355445194,-0.41621355445194,-0.41621355445194,2.27428568716551,-0.068353936683543,-0.41621355445194,-0.41621355445194,-0.16134415245547,0.416202472453064,0.0877383295238489,1.47511435985185,-0.195205597736051,-0.41621355445194,-0.41621355445194,0.583786445548059,0.35360084225185,0.789055944138523,0.45621719234723,0,"BF520","gp41",111,"I"
"7676","5692","BF520_gp41_112_W","aggaattctacgctgagtGTGCCCTGGAACTCTAGTTGGAGTAATAAATCCCAGGATGAGATATGGGGAAACATGACCTGGCTGCAATGGGATAAAGAAGTTAGCAATTACtgatagcaagcttgcc",2.60269384762531,0.278990548677099,1.85895756466071,0.382909619390912,0.213255377151663,-0.0545050134757624,0.230063352229543,-0.0545050134757624,2.12037050323451,1.94819742953272,0.0821541220761081,-0.0545050134757624,0.496955263807147,0.546258576944489,0.0545018471903692,0.0586270421106393,0.0162589561070323,-0.0545050134757624,3.20549491274582,5.67414911023945,0.945494986524238,2.76814777443814,2.11801857852133,1.19182462480877,0,"BF520","gp41",112,"W"
"7686","5700","BF520_gp41_113_G","aggaattctacgctgagtCCCTGGAACTCTAGTTGGAGTAATAAATCCCAGGATGAGATATGGGGTAACATGACCTGGCTGCAATGGGATAAAGAAGTTAGCAATTACACAtgatagcaagcttgcc",2.20748381828812,2.55174501656279,2.80317134001905,1.62800446330374,-0.315834847499246,-0.240528282725173,-0.260002799009422,-0.449715042812959,2.81259823225245,1.77550989386313,0.438569338274199,-0.318262137159325,0.032812699809587,2.15359384900813,0.449591557682627,1.75636004112187,1.21323824238272,6.19236337063065,1.61085094828936,-0.449715042812959,0.550284957187041,1.86889260440203,1.41642701697942,2.32336840237012,0,"BF520","gp41",113,"G"
"7716","5728","BF520_gp41_114_N","aggaattctacgctgagtTGGAACTCTAGTTGGAGTAATAAATCCCAGGATGAGATATGGGGAAACATGACCTGGCTGCAATGGGATAAAGAAGTTAGCAATTACACACAGtgatagcaagcttgcc",2.44786167207007,-0.238676273215646,-0.450900721858375,-0.450900721858375,-0.450900721858375,-0.450900721858375,-0.450900721858375,-0.450900721858375,0.933110970593616,-0.450900721858375,-0.450900721858375,-0.450900721858375,-0.450900721858375,-0.196031319861905,0.450883307288713,0.341023667246437,-0.450900721858375,0.101619169931349,0.879939728297263,-0.342079612316974,0.549099278141625,0.746588339680854,1.17975801152872,0.421530024940795,0,"BF520","gp41",114,"N"
"7739","5749","BF520_gp41_115_M","aggaattctacgctgagtAACTCTAGTTGGAGTAATAAATCCCAGGATGAGATATGGGGAAACATGACCTGGCTGCAATGGGATAAAGAAGTTAGCAATTACACACAGATAtgatagcaagcttgcc",-0.0693680022420838,0.355080895043376,1.87888480458778,-0.0693680022420838,-0.0693680022420838,0.995582776386644,0.172083944416963,-0.0693680022420838,-0.0693680022420838,-0.0693680022420838,-0.0693680022420838,-0.0693680022420838,2.03620760192903,-0.0693680022420838,0.0693680022420838,-0.0693680022420838,-0.0693680022420838,5.23482295893927,5.88027165727724,3.84819194124838,0.930631997757916,1.12812105929715,2.48296740653772,0.565127086339131,0,"BF520","gp41",115,"M"
"7764","5771","BF520_gp41_116_T","aggaattctacgctgagtTCTAGTTGGAGTAATAAATCCCAGGATGAGATATGGGGAAACATGACCTGGCTGCAATGGGATAAAGAAGTTAGCAATTACACACAGATAATAtgatagcaagcttgcc",0.966253339738134,-7.91571348283478e-07,0.649416810705274,-7.91571348283478e-07,-7.91571348283478e-07,-7.91571348283478e-07,-7.91571348283478e-07,-7.91571348283478e-07,-7.91571348283478e-07,0.566420101400747,-7.91571348283478e-07,-7.91571348283478e-07,-7.91571348283478e-07,0.509738012421592,-7.91571348283478e-07,0.143985460993163,-7.91571348283478e-07,-7.91571348283478e-07,-7.91571348283478e-07,-7.91571348283478e-07,0.999999208428652,-7.91571348283478e-07,1.13437050121968,0.475870524864563,0,"BF520","gp41",116,"T"
"7787","5792","BF520_gp41_117_W","aggaattctacgctgagtAGTTGGAGTAATAAATCCCAGGATGAGATATGGGGAAACATGACCTGGCTGCAATGGGATAAAGAAGTTAGCAATTACACACAGATAATATATtgatagcaagcttgcc",-0.987496869838763,-0.987496869838763,-0.987496869838763,-0.987496869838763,-0.987496869838763,-0.987496869838763,-0.987496869838763,-0.987496869838763,-0.987496869838763,-0.987496869838763,-0.987496869838763,-0.987496869838763,-0.987496869838763,-0.987496869838763,0.987450958700563,1.71436281063648,-0.987496869838763,-0.987496869838763,-0.177019640678236,-0.705842233378665,0.0125031301612369,-0.766112337453359,-0.253491915679865,-0.987496869838763,0,"BF520","gp41",117,"W"
"7813","5815","BF520_gp41_118_L","aggaattctacgctgagtTGGAGTAATAAATCCCAGGATGAGATATGGGGAAACATGACCTGGCTGCAATGGGATAAAGAAGTTAGCAATTACACACAGATAATATATACTtgatagcaagcttgcc",-0.583512853976966,-0.308869449851081,-0.583512853976966,-0.583512853976966,-0.583512853976966,-0.583512853976966,-0.583512853976966,-0.583512853976966,-0.583512853976966,1.61553296579705,-0.583512853976966,-0.583512853976966,-0.356440975095768,-0.583512853976966,0.58350177197809,0.0686601723446438,-0.583512853976966,-0.583512853976966,0.632202989763825,-0.583512853976966,0.416487146023034,-0.140743789206158,-0.491762234707104,-0.275596119812553,0,"BF520","gp41",118,"L"
"7837","5837","BF520_gp41_119_Q","aggaattctacgctgagtAGTAATAAATCCCAGGATGAGATATGGGGAAACATGACCTGGCTGCAGTGGGATAAAGAAGTTAGCAATTACACACAGATAATATATACTCTAtgatagcaagcttgcc",-0.0475243265670977,-0.0475243265670977,-0.0475243265670977,-0.0475243265670977,-0.0475243265670977,-0.0475243265670977,0.0186435940441406,-0.0475243265670977,-0.0475243265670977,-0.0475243265670977,-0.0475243265670977,-0.0475243265670977,-0.0475243265670977,-0.0475243265670977,0.0475243265670977,-0.0475243265670977,-0.0475243265670977,-0.0475243265670977,-0.0475243265670977,-0.0475243265670977,0.952475673432902,-0.0240841815098046,-0.0475243265670977,-0.0257895563413958,0,"BF520","gp41",119,"Q"
"7854","5852","BF520_gp41_120_W","aggaattctacgctgagtAATAAATCCCAGGATGAGATATGGGGAAACATGACCTGGCTGCAATGGGATAAAGAAGTTAGCAATTACACACAGATAATATATACTCTAATTtgatagcaagcttgcc",0,4.66893787014005,0,0,0,0,0,0,0,0,0,0,3.86022194098037,0,0,0,0,0,0,0,1,0,0,0,0,"BF520","gp41",120,"W"
"7865","5862","BF520_gp41_121_D","aggaattctacgctgagtAAATCCCAGGATGAGATATGGGGAAACATGACCTGGCTGCAATGGGACAAAGAAGTTAGCAATTACACACAGATAATATATACTCTAATTGAAtgatagcaagcttgcc",-0.399730609438548,-0.399730609438548,-0.399730609438548,-0.399730609438548,-0.399730609438548,-0.399730609438548,-0.399730609438548,-0.399730609438548,-0.399730609438548,1.82549432723754,-0.399730609438548,-0.399730609438548,-0.399730609438548,-0.399730609438548,0.399653035446417,3.29591653971724,-0.399730609438548,-0.399730609438548,0.0103322743629088,-0.399730609438548,0.600269390561452,-0.0412985093859899,-0.176907676926026,-0.150464681781643,0,"BF520","gp41",121,"D"
"7892","5887","BF520_gp41_122_K","aggaattctacgctgagtTCCCAGGATGAGATATGGGGAAACATGACCTGGCTGCAATGGGATAAAGAAGTTAGCAATTACACACAGATAATATATACTCTAATTGAAGAAtgatagcaagcttgcc",-0.436029817378571,-0.436029817378571,1.60499693263367,-0.436029817378571,-0.436029817378571,-0.436029817378571,-0.436029817378571,-0.436029817378571,0.651407940976565,9.80000489133144,-0.436029817378571,0.615593427850502,-0.436029817378571,0.364988303181763,0.436025067950482,0.242762516139839,-0.436029817378571,2.34235592419261,-0.436029817378571,21.4525590732348,0.563970182621429,1.17691463285794,2.46066830528422,0.810299820905958,0,"BF520","gp41",122,"K"
"7909","5901","BF520_gp41_123_E","aggaattctacgctgagtCAGGATGAGATATGGGGAAACATGACCTGGCTGCAATGGGATAAAGAAGTTAGCAATTACACACAGATAATATATACTCTAATTGAAGAATCGtgatagcaagcttgcc",1.9910065677911,-1.36545515149447,-0.42550862188357,2.50221107595823,-1.36545515149447,-1.36545515149447,-1.36545515149447,-1.36545515149447,1.03835463013267,-1.36545515149447,-1.1640627412075,-0.590574865536206,-0.959115999812326,-0.775231273186855,1.36545356835177,-1.28209468948344,-1.26117140684614,-1.36545515149447,-0.730936794454321,-1.36545515149447,-0.36545515149447,-0.176969767109671,-0.134065261293687,-0.814446258779205,0,"BF520","gp41",123,"E"
"7933","5923","BF520_gp41_124_V","aggaattctacgctgagtGATGAGATATGGGGAAACATGACCTGGCTGCAATGGGATAAAGAAGTTAGCAATTACACACAGATAATATATACTCTAATTGAAGAATCGCAGtgatagcaagcttgcc",0,0,0,0,0,0,0,0,0,0,0,0,0,0,0,0,0,0,0,0,1,0,0,0,0,"BF520","gp41",124,"V"
"7958","5946","BF520_gp41_125_S","aggaattctacgctgagtGAGATATGGGGAAACATGACCTGGCTGCAATGGGATAAAGAAGTTTCTAATTACACACAGATAATATATACTCTAATTGAAGAATCGCAGAACtgatagcaagcttgcc",0.279397314640146,-0.465584882142886,-1.04920211591039,-1.04920211591039,-1.04920211591039,-0.561099675705559,-0.717205689254204,-1.04920211591039,-1.04920211591039,-1.04920211591039,-0.570895141478846,-1.04920211591039,-0.566674373287847,-0.3483112604201,1.04917995191264,1.72253324595645,6.87636247736262,3.20520105087048,3.47174117800068,-1.04920211591039,-0.0492021159103928,-0.57875998459141,-0.464291918065021,-0.8310944292106,0,"BF520","gp41",125,"S"
"7982","5968","BF520_gp41_126_N","aggaattctacgctgagtATATGGGGAAACATGACCTGGCTGCAATGGGATAAAGAAGTTAGCAACTACACACAGATAATATATACTCTAATTGAAGAATCGCAGAACCAGtgatagcaagcttgcc",-1.14457916113652,-1.14457916113652,4.21311605764562,0.692562296903516,-1.14457916113652,-1.14457916113652,-1.14457916113652,-1.14457916113652,-1.14457916113652,-1.14457916113652,-1.14457916113652,-1.14457916113652,0.399509615255631,-1.14457916113652,1.14456491285225,0.280884739252145,4.79959428381824,-1.14457916113652,-1.14457916113652,-1.14457916113652,-0.144579161136516,-1.14457916113652,-0.98860310837775,-0.0976622649775118,0,"BF520","gp41",126,"N"
"8011","5994","BF520_gp41_127_Y","aggaattctacgctgagtTGGGGAAACATGACCTGGCTGCAATGGGATAAAGAAGTTAGCAATTACACACAGATAATATATACTCTAATTGAAGAATCGCAGAACCAGCAAtgatagcaagcttgcc",-0.483296994949811,-0.483296994949811,-0.126117313697669,1.55797129176134,-0.233387297030881,-0.353136344228522,-0.306232234066511,-0.483296994949811,-0.483296994949811,-0.483296994949811,-0.483296994949811,-0.483296994949811,-0.354622930250466,0.0774156894424229,0.483230502956556,1.73409129454366,-0.483296994949811,2.67711678608741,3.36309285510786,1.03294379799372,0.516703005050189,1.21029467779853,1.70036774367291,-0.250648795803366,0,"BF520","gp41",127,"Y"
"8032","6011","BF520_gp41_128_T","aggaattctacgctgagtGGAAACATGACCTGGCTGCAATGGGATAAAGAAGTTAGCAATTACACCCAGATAATATATACTCTAATTGAAGAATCGCAGAACCAGCAAGAAtgatagcaagcttgcc",1.89220687212314,-1.14459182627809,-1.14459182627809,-0.707177193411415,-1.14459182627809,-1.14459182627809,-1.14459182627809,-1.14459182627809,-1.14459182627809,-0.92206933261048,-0.597955284070607,-0.0929685810490162,-1.14459182627809,-0.744082765997922,1.14455224771067,1.68370956338195,5.6487492536702,0.244601044507504,-0.160440905154591,7.91865201124151,-0.144591826278089,-0.472531638679542,-0.921768893765566,-0.147528115650466,0,"BF520","gp41",128,"T"
"8060","6037","BF520_gp41_129_Q","aggaattctacgctgagtAACATGACCTGGCTGCAATGGGATAAAGAAGTTAGCAATTACACACAGATAATATATACTCTAATTGAAGAATCGCAGAACCAGCAAGAAAAAtgatagcaagcttgcc",-1.27174670777154,-1.27174670777154,-1.27174670777154,-1.27174670777154,-1.27174670777154,-1.27174670777154,-1.27174670777154,-1.27174670777154,-1.27174670777154,-1.27174670777154,-1.27174670777154,1.18204086442963,0.0149939392219207,-1.27174670777154,1.27174670777154,-1.27174670777154,-1.27174670777154,-1.27174670777154,1.59869347883867,-1.27174670777154,-0.271746707771535,-0.0172343575875804,-0.751826531908983,-0.690126209905422,0,"BF520","gp41",129,"Q"
"8075","6050","BF520_gp41_130_I","aggaattctacgctgagtATGACCTGGCTGCAATGGGATAAAGAAGTTAGCAATTACACACAGATCATATATACTCTAATTGAAGAATCGCAGAACCAGCAAGAAAAAAATtgatagcaagcttgcc",-2.28914565713146,-2.28914565713146,-2.28914565713146,3.0691835954853,-2.28914565713146,-2.28914565713146,-2.28914565713146,-2.28914565713146,-2.28914565713146,-2.28914565713146,-2.28914565713146,-2.28914565713146,-2.28914565713146,-2.28914565713146,2.28914249084607,-1.89318346257905,-2.28914565713146,-2.28914565713146,-1.64329661514416,-2.28914565713146,-1.28914565713146,-1.81870352581248,-2.28914565713146,-2.07103797043167,0,"BF520","gp41",130,"I"
"8097","6070","BF520_gp41_131_I","aggaattctacgctgagtACCTGGCTGCAATGGGATAAAGAAGTTAGCAATTACACACAGATAATCTATACTCTAATTGAAGAATCGCAGAACCAGCAAGAAAAAAATGAAtgatagcaagcttgcc",-0.180270378106668,-0.758437316386997,1.01698971272047,-0.212766840479635,-0.99787002767623,-0.99787002767623,-0.793564534349344,-0.99787002767623,-0.99787002767623,-0.678350549589407,-0.507298771849003,-0.809117137506909,-0.502969778832593,-0.854097544498734,0.997794036826795,0.951482314735615,-0.489821015286935,0.809861720846047,-0.644585081631898,4.0971901267494,0.00212997232376988,-0.0811110025418015,-0.717913009904086,-0.684689759594477,0,"BF520","gp41",131,"I"
"8123","6094","BF520_gp41_132_Y","aggaattctacgctgagtTGGCTGCAATGGGATAAAGAAGTTAGCAATTACACACAGATAATATACACTCTAATTGAAGAATCGCAGAACCAGCAAGAAAAAAATGAACAAtgatagcaagcttgcc",-3.08712825830556e-05,-3.08712825830556e-05,-3.08712825830556e-05,-3.08712825830556e-05,0.356982982887318,-3.08712825830556e-05,-3.08712825830556e-05,-3.08712825830556e-05,-3.08712825830556e-05,-3.08712825830556e-05,-3.08712825830556e-05,-3.08712825830556e-05,-3.08712825830556e-05,0.533981209090973,-3.08712825830556e-05,2.94140257396386,-3.08712825830556e-05,-3.08712825830556e-05,-3.08712825830556e-05,-3.08712825830556e-05,0.999969128717417,-3.08712825830556e-05,0.148517750392432,0.166146413822021,0,"BF520","gp41",132,"Y"
"8143","6111","BF520_gp41_133_T","aggaattctacgctgagtCTGCAATGGGATAAAGAAGTTAGCAATTACACACAGATAATATATACCCTAATTGAAGAATCGCAGAACCAGCAAGAAAAAAATGAACAAGACtgatagcaagcttgcc",8.6502471883695,-0.915668711594382,0.513050013414187,-0.915668711594382,-0.16593961783759,-0.525186759430515,-0.65007157026943,-0.915668711594382,7.45760202774016,2.82270918202145,-0.533023132049144,-0.915668711594382,-0.529646517496345,0.766469341582321,0.91564654759663,1.30171957789909,-0.915668711594382,2.48785382183032,-0.571215889201157,-0.436855829612214,0.0843312884056184,-0.351138154011602,0.0201876049582136,0.480220483284291,0,"BF520","gp41",133,"T"
"8169","6135","BF520_gp41_134_L","aggaattctacgctgagtCAATGGGATAAAGAAGTTAGCAATTACACACAGATAATATATACTCTGATTGAAGAATCGCAGAACCAGCAAGAAAAAAATGAACAAGACTTAtgatagcaagcttgcc",-0.890232194296254,5.33501829922382,-0.890232194296254,2.17167023577047,0.359316295298398,-0.890232194296254,-0.890232194296254,-0.890232194296254,-0.890232194296254,-0.890232194296254,2.93622360115612,1.56355537790492,2.32661942318739,0.0442889463574695,0.890213196583895,2.27746536212299,-0.890232194296254,-0.890232194296254,-0.890232194296254,-0.890232194296254,0.109767805703746,-0.890232194296254,-0.890232194296254,-0.0178014474970837,0,"BF520","gp41",134,"L"
"8186","6150","BF520_gp41_135_I","aggaattctacgctgagtTGGGATAAAGAAGTTAGCAATTACACACAGATAATATATACTCTAATCGAAGAATCGCAGAACCAGCAAGAAAAAAATGAACAAGACTTATTAtgatagcaagcttgcc",0,0,0,0,0,1.30160650721289,0,0,38.0603215424298,0,0,0,0,0,0,0,0,0,0,31.9208587988112,1,0,2.07968070345021,0,0,"BF520","gp41",135,"I"
"8198","6161","BF520_gp41_136_E","aggaattctacgctgagtGATAAAGAAGTTAGCAATTACACACAGATAATATATACTCTAATTGAAGAATCGCAGAACCAGCAAGAAAAAAATGAACAAGACTTATTAGCAtgatagcaagcttgcc",-1.58314269656696e-06,-1.58314269656696e-06,-1.58314269656696e-06,-1.58314269656696e-06,-1.58314269656696e-06,-1.58314269656696e-06,-1.58314269656696e-06,-1.58314269656696e-06,-1.58314269656696e-06,-1.58314269656696e-06,3.18871157973428,3.68067977515906,-1.58314269656696e-06,-1.58314269656696e-06,-1.58314269656696e-06,0.263973213225574,-1.58314269656696e-06,-1.58314269656696e-06,-1.58314269656696e-06,4.98763260417155,0.999998416857303,0.156812460630298,0.389938548754218,-1.58314269656696e-06,0,"BF520","gp41",136,"E"
"8220","6181","BF520_gp41_137_E","aggaattctacgctgagtAAAGAAGTTAGCAATTACACACAGATAATATATACTCTAATTGAAGAATCGCAGAACCAGCAAGAAAAAAATGAACAAGACTTATTAGCATTGtgatagcaagcttgcc",-7.91571348283478e-07,-7.91571348283478e-07,-7.91571348283478e-07,-7.91571348283478e-07,-7.91571348283478e-07,-7.91571348283478e-07,-7.91571348283478e-07,-7.91571348283478e-07,-7.91571348283478e-07,-7.91571348283478e-07,-7.91571348283478e-07,-7.91571348283478e-07,-7.91571348283478e-07,-7.91571348283478e-07,-7.91571348283478e-07,0.0197283327132691,-7.91571348283478e-07,-7.91571348283478e-07,-7.91571348283478e-07,-7.91571348283478e-07,0.999999208428652,-7.91571348283478e-07,-7.91571348283478e-07,-7.91571348283478e-07,0,"BF520","gp41",137,"E"
"8248","6206","BF520_gp41_138_S","aggaattctacgctgagtGAAGTTAGCAATTACACACAGATAATATATACTCTAATTGAAGAATCTCAGAACCAGCAAGAAAAAAATGAACAAGACTTATTAGCATTGGACtgatagcaagcttgcc",-0.254351716268352,-0.254351716268352,-0.254351716268352,1.78691657044279,-0.254351716268352,-0.254351716268352,-0.254351716268352,-0.254351716268352,-0.254351716268352,8.05315471398904,15.0514714655411,12.0145861447375,-0.254351716268352,-0.254351716268352,0.254346966840262,1.32949706194127,-0.254351716268352,-0.254351716268352,-0.254351716268352,-0.254351716268352,0.745648283731648,1.0001606339156,1.30540881131931,-0.254351716268352,0,"BF520","gp41",138,"S"
"8282","6237","BF520_gp41_139_Q","aggaattctacgctgagtGTTAGCAATTACACACAGATAATATATACTCTAATTGAAGAATCGCAGAACCAGCAAGAAAAAAATGAACAAGACTTATTAGCATTGGACAAGtgatagcaagcttgcc",1.40938932224909,0.557981097354197,-0.109010026951525,-0.109010026951525,-0.109010026951525,-0.109010026951525,-0.109010026951525,-0.109010026951525,-0.109010026951525,-0.109010026951525,2.0775361418784,4.09748295396477,-0.109010026951525,-0.109010026951525,0.109003694380738,0.796046417739689,-0.109010026951525,-0.109010026951525,4.56570684838509,-0.109010026951525,0.890989973048475,1.50393442328499,0.113812905560998,0.638787756019193,0,"BF520","gp41",139,"Q"
"8294","6248","BF520_gp41_140_N","aggaattctacgctgagtAGCAATTACACACAGATAATATATACTCTAATTGAAGAATCGCAGAACCAGCAAGAAAAAAATGAACAAGACTTATTAGCATTGGACAAGTGGtgatagcaagcttgcc",-0.572298683638763,-0.572298683638763,-0.572298683638763,-0.572298683638763,-0.572298683638763,-0.572298683638763,-0.572298683638763,-0.572298683638763,0.0620400087350658,-0.572298683638763,0.38431526522433,0.654595102461822,-0.250613521890399,-0.105038113311902,0.572273353355618,1.5394996873074,0.748628748573405,-0.572298683638763,-0.572298683638763,-0.572298683638763,0.427701316361237,0.211771535226208,-0.0523785077762107,0.300132063160407,0,"BF520","gp41",140,"N"
"8326","6277","BF520_gp41_141_Q","aggaattctacgctgagtAATTACACACAGATAATATATACTCTAATTGAAGAATCGCAGAACCAGCAAGAAAAAAATGAACAAGACTTATTAGCATTGGACAAGTGGGCAtgatagcaagcttgcc",-2.15450912107977,-2.15450912107977,0.366759217170641,-2.15450912107977,-2.15450912107977,-2.15450912107977,-2.15450912107977,-2.15450912107977,-2.15450912107977,-2.15450912107977,-0.578909675893503,-0.422423775996595,-2.15450912107977,-2.15450912107977,2.15446795936966,0.267847833829062,-2.15450912107977,-2.15450912107977,-2.15450912107977,-2.01368180284972,-1.15450912107977,-2.15450912107977,-2.06275850180991,-1.64131456413909,0,"BF520","gp41",141,"Q"
"8348","6297","BF520_gp41_142_Q","aggaattctacgctgagtTACACACAGATAATATATACTCTAATTGAAGAATCGCAGAACCAGCAGGAAAAAAATGAACAAGACTTATTAGCATTGGACAAGTGGGCAAGTtgatagcaagcttgcc",-1.58314269656696e-06,-1.58314269656696e-06,17.8589824794644,-1.58314269656696e-06,-1.58314269656696e-06,-1.58314269656696e-06,-1.58314269656696e-06,-1.58314269656696e-06,-1.58314269656696e-06,6.23062823955035,17.8567921289684,19.6302989944667,1.28673906385076,-1.58314269656696e-06,-1.58314269656696e-06,1.05589760233039,-1.58314269656696e-06,-1.58314269656696e-06,8.03723093936587,2.39406282676814,0.999998416857303,-1.58314269656696e-06,1.55975894444496,0.581618914723417,0,"BF520","gp41",142,"Q"
"8354","6301","BF520_gp41_143_E","aggaattctacgctgagtACACAGATAATATATACTCTAATTGAAGAATCGCAGAACCAGCAAGAAAAAAATGAACAAGACTTATTAGCATTGGACAAGTGGGCAAGTCTGtgatagcaagcttgcc",0.447046310480301,-0.744925204372551,-1.67871277840056,-0.453951806373873,-1.67871277840056,-0.897748874072828,-1.67871277840056,-1.67871277840056,-1.67871277840056,-1.67871277840056,142.196025130609,151.437631726952,-0.906668390204488,-1.67871277840056,1.67869853011629,1.17221502237676,-1.67871277840056,-1.67871277840056,-1.67871277840056,-1.67871277840056,-0.678712778400561,-1.67871277840056,-1.67871277840056,-0.980768180961225,0,"BF520","gp41",143,"E"
"8382","6327","BF520_gp41_144_K","aggaattctacgctgagtCAGATAATATATACTCTAATTGAAGAATCGCAGAACCAGCAAGAAAAAAATGAACAAGACTTATTAGCATTGGACAAGTGGGCAAGTCTGTGGtgatagcaagcttgcc",-0.286153299676123,-0.286153299676123,-0.286153299676123,-0.286153299676123,-0.286153299676123,-0.286153299676123,-0.286153299676123,-0.286153299676123,-0.286153299676123,-0.286153299676123,47.066237169047,62.2854297914537,-0.286153299676123,-0.286153299676123,0.286132718821068,2.28760096491452,-0.286153299676123,-0.286153299676123,-0.286153299676123,-0.286153299676123,0.713846700323877,0.419509897302351,-0.286153299676123,0.150062073723462,0,"BF520","gp41",144,"K"
"8405","6348","BF520_gp41_145_N","aggaattctacgctgagtATAATATATACTCTAATTGAAGAATCGCAGAACCAGCAAGAAAAAAACGAACAAGACTTATTAGCATTGGACAAGTGGGCAAGTCTGTGGAATtgatagcaagcttgcc",-3.95785674141739e-06,-3.95785674141739e-06,-3.95785674141739e-06,-3.95785674141739e-06,-3.95785674141739e-06,-3.95785674141739e-06,-3.95785674141739e-06,-3.95785674141739e-06,-3.95785674141739e-06,-3.95785674141739e-06,-3.95785674141739e-06,-3.95785674141739e-06,-3.95785674141739e-06,-3.95785674141739e-06,-3.95785674141739e-06,7.91923993319138,-3.95785674141739e-06,-3.95785674141739e-06,-3.95785674141739e-06,-3.95785674141739e-06,0.999996042143259,-3.95785674141739e-06,-3.95785674141739e-06,-3.95785674141739e-06,0,"BF520","gp41",145,"N"
"8420","6361","BF520_gp41_146_E","aggaattctacgctgagtATATATACTCTAATTGAAGAATCGCAGAACCAGCAAGAAAAAAATGAACAAGACTTATTAGCATTGGACAAGTGGGCAAGTCTGTGGAATTGGtgatagcaagcttgcc",0,0,0,0,0,0,0,0,0,0,0,0,0,0,0,0,0,0,0,0,1,0.0234401450572931,0,0,0,"BF520","gp41",146,"E"
"8459","6397","BF520_gp41_147_Q","aggaattctacgctgagtTATACTCTAATTGAAGAATCGCAGAACCAGCAAGAAAAAAATGAACAGGACTTATTAGCATTGGACAAGTGGGCAAGTCTGTGGAATTGGTTTtgatagcaagcttgcc",-1.14457916113652,-1.14457916113652,-0.430219798632232,-1.14457916113652,-1.14457916113652,-1.14457916113652,-1.14457916113652,-1.14457916113652,-1.14457916113652,-1.14457916113652,16.8397630774896,23.1479178036551,-1.14457916113652,-0.583866476744282,1.14456491285225,0.280884739252145,-1.14457916113652,-1.14457916113652,-1.14457916113652,7.71345915553358,-0.144579161136516,-0.956402308608923,-0.832627055618985,-0.621120713057014,0,"BF520","gp41",147,"Q"
"8466","6402","BF520_gp41_148_D","aggaattctacgctgagtACTCTAATTGAAGAATCGCAGAACCAGCAAGAAAAAAATGAACAAGACTTATTAGCATTGGACAAGTGGGCAAGTCTGTGGAATTGGTTTAACtgatagcaagcttgcc",3.73373817439945,-0.0447617643654451,-0.488306297269959,-0.527528942074167,-0.763059898233145,-0.763059898233145,-0.763059898233145,-0.763059898233145,-0.763059898233145,-0.523420289668028,22.4900176279774,19.0559935695455,-0.763059898233145,-0.763059898233145,0.763036151092697,0.150699012272407,-0.763059898233145,-0.763059898233145,0.363035867283164,-0.763059898233145,0.236940101766855,0.177824364404821,-0.34312437157493,-0.0919593237722451,0,"BF520","gp41",148,"D"
"8502","6435","BF520_gp41_149_L","aggaattctacgctgagtCTAATTGAAGAATCGCAGAACCAGCAAGAAAAAAATGAACAAGACCTGTTAGCATTGGACAAGTGGGCAAGTCTGTGGAATTGGTTTAACATCtgatagcaagcttgcc",1.29458698091994,-1.19586409910471,-0.597226848926548,3.88636371421895,-1.36261188018114,-1.22315404012261,-1.36261188018114,-1.36261188018114,-1.09075244059235,0.195045575492123,16.8130531482176,19.1440414017858,-1.08688174153968,-0.962102819900971,1.36255963647215,0.50406703699449,-1.36261188018114,-1.27578732575704,0.790218259776513,5.1355629467197,-0.362611880181138,-0.824963730102301,-0.0256742851060026,-0.178598723810836,0,"BF520","gp41",149,"L"
"8524","6455","BF520_gp41_150_L","aggaattctacgctgagtATTGAAGAATCGCAGAACCAGCAAGAAAAAAATGAACAAGACTTACTGGCATTGGACAAGTGGGCAAGTCTGTGGAATTGGTTTAACATCTCAtgatagcaagcttgcc",-0.985861296336947,-1.35835239472846,-1.38227625067311,-1.34397076860554,-1.65016101161222,-1.50373027955077,-1.65016101161222,-1.65016101161222,-1.26955779618792,-1.45545382965306,5.81142778951991,6.99944018039691,-1.40889714030094,-1.43989375496513,1.65002169505492,0.0920726444183704,-0.436558933267287,-1.19433210088569,-1.60710440881306,-1.65016101161222,-0.650161011612216,-1.46198415908462,-0.967765780792616,-1.30118871289255,0,"BF520","gp41",150,"L"
"8534","6464","BF520_gp41_151_A","aggaattctacgctgagtGAAGAATCGCAGAACCAGCAAGAAAAAAATGAACAAGACTTATTAGCTTTGGACAAGTGGGCAAGTCTGTGGAATTGGTTTAACATCTCACAAtgatagcaagcttgcc",0.25028159436732,0.14798584373826,0.256438107153299,0.310632848859189,-0.462113725124123,-0.489706691401323,-0.478777857341383,2.76880864544739,0.0396243449600224,0.188172184188201,27.9918935486841,28.2142420382197,-0.106803824582697,-0.0443248979205736,0.549368086233593,0.547846601799131,0.487355001929232,0.361456795243155,0.496514546432935,0.480315135968325,0.434422115696258,0.271495804351443,0.258369764117778,0.24413847925487,0,"BF520","gp41",151,"A"
"8568","6495","BF520_gp41_152_L","aggaattctacgctgagtGAATCGCAGAACCAGCAAGAAAAAAATGAACAAGACTTATTAGCACTGGACAAGTGGGCAAGTCTGTGGAATTGGTTTAACATCTCACAATGGtgatagcaagcttgcc",-0.617324983376182,0.431874538003605,0.62678401873802,-0.410904594832359,-0.533085759358566,-0.310204346842804,-0.557640232516643,-0.617324983376182,0.323491953627699,-0.582321445046446,5.53080062055291,4.59352727669147,-0.530578422904713,-0.0503121564626872,0.617269573381803,0.00553689569501792,-0.617324983376182,-0.453431442440804,-0.404460879650033,0.270361820298622,0.382675016623818,0.334131012549851,0.0486401857061886,0.0688565028703562,0,"BF520","gp41",152,"L"
"8577","6502","BF520_gp41_153_D","aggaattctacgctgagtTCGCAGAACCAGCAAGAAAAAAATGAACAAGACTTATTAGCATTGGACAAGTGGGCAAGTCTGTGGAATTGGTTTAACATCTCACAATGGCTGtgatagcaagcttgcc",-0.0295606529438392,0.880068078140598,0.102670376177174,1.06188164668816,-0.323405175782936,-0.27259592726067,-0.413733982259658,-0.413733982259658,1.3287867630564,0.899953028549118,5.57951003471394,6.68155538314132,0.516439979422359,0.937380919890304,0.413667490266402,0.387731664545212,0.636642048174115,-0.384443771128636,2.71954169131726,2.00917457716818,0.586266017740342,1.87612892199178,1.42791097802457,0.301028557286651,0,"BF520","gp41",153,"D"
"8604","6527","BF520_gp41_154_K","aggaattctacgctgagtCAGAACCAGCAAGAAAAAAATGAACAAGACTTATTAGCATTGGACAAATGGGCAAGTCTGTGGAATTGGTTTAACATCTCACAATGGCTGTGGtgatagcaagcttgcc",1.16083616925514,1.75374117646951,2.18227321206392,0.569326400054498,-0.225921489562684,-0.373298144283294,-0.317835714220144,-0.467769584322939,0.0847189541962023,0.863776305204204,5.30277262333507,5.58754490836704,0.652940011445555,0.210511888732183,0.467579607199351,1.06498729781541,0.267262615859638,1.98292348409922,0.935042313326885,-0.100937134417247,0.532230415677061,0.48829023093822,0.941046376078817,1.44594947317202,0,"BF520","gp41",154,"K"
"8632","6552","BF520_gp41_155_W","aggaattctacgctgagtAACCAGCAAGAAAAAAATGAACAAGACTTATTAGCATTGGACAAGTGGGCAAGTCTGTGGAATTGGTTTAACATCTCACAATGGCTGTGGTATtgatagcaagcttgcc",-0.258522215113352,0.839339825630953,1.21349147667697,0.494084509710275,-0.883883635514506,-0.775751132249171,-0.871816371356029,-1.07612186468291,-1.07612186468291,-0.756602386596092,7.45981798671084,8.73902842412176,-0.0863213669956406,0.074058000737053,1.07606487154584,0.385892392125969,-1.07612186468291,0.0459185309516026,2.63337006878258,0.21298974065369,-0.0761218646829145,0.371392385529341,0.163687785450865,0.892439820402393,0,"BF520","gp41",155,"W"
"8645","6564","BF520_gp41_156_A","aggaattctacgctgagtCAGCAAGAAAAAAATGAACAAGACTTATTAGCATTGGACAAGTGGGCTAGTCTGTGGAATTGGTTTAACATCTCACAATGGCTGTGGTATATAtgatagcaagcttgcc",2.59055273797758,-0.833852123630318,1.49452032097711,8.02154078182177,-0.141536488239601,-0.914285633998885,-1.18553129873719,-1.32531926785559,3.88293525900322,-1.32531926785559,18.6125293505541,17.6592477381219,0.300037338872989,-0.144871511240357,1.3252686072893,1.34221551649746,-1.32531926785559,3.79275972977554,2.02856347649949,-1.19931587786028,-0.325319267855587,2.43821778269628,3.02559167752051,1.24605556481565,0,"BF520","gp41",156,"A"
"8669","6586","BF520_gp41_157_S","aggaattctacgctgagtCAAGAAAAAAATGAACAAGACTTATTAGCATTGGACAAGTGGGCATCTCTGTGGAATTGGTTTAACATCTCACAATGGCTGTGGTATATAAAGtgatagcaagcttgcc",-0.997853404677916,0.0795937961236343,0.375914600138015,-0.762322448518938,-0.85367473280161,-0.92276072156948,-0.946777031346195,-0.997853404677916,0.319619264098498,-0.937943502536637,2.09274550703362,1.55031061260791,-0.181267994085915,-0.782194679911672,0.997810659825109,-0.175470385222919,-0.997853404677916,-0.577088256314972,-0.467925985611417,-0.997853404677916,0.00214659532208394,-0.672162698380159,-0.337954719929291,-0.729413174893556,0,"BF520","gp41",157,"S"
"8702","6615","BF520_gp41_158_L","aggaattctacgctgagtGAAAAAAATGAACAAGACTTATTAGCATTGGACAAGTGGGCAAGTCTGTGGAATTGGTTTAACATCTCACAATGGCTGTGGTATATAAAGATAtgatagcaagcttgcc",-0.763070980232021,-0.763070980232021,-0.763070980232021,-0.763070980232021,-0.763070980232021,-0.763070980232021,-0.763070980232021,-0.763070980232021,-0.763070980232021,-0.763070980232021,1.97011173080539,2.3917987554552,-0.763070980232021,1.63998338144898,0.763025069093821,5.79858824377928,-0.763070980232021,-0.763070980232021,5.38787227678984,-0.763070980232021,0.236929019767979,1.38752162008333,-0.540248047719499,-0.26453912491821,0,"BF520","gp41",158,"L"
"8721","6632","BF520_gp41_159_W","aggaattctacgctgagtAAAAATGAACAAGACTTATTAGCATTGGACAAGTGGGCAAGTCTGTGGAATTGGTTTAACATCTCACAATGGCTGTGGTATATAAAGATAGGTtgatagcaagcttgcc",-0.351986297505906,-0.794852774356086,-0.794852774356086,-0.539694238517192,-0.794852774356086,-0.794852774356086,-0.684187298804023,-0.794852774356086,-0.794852774356086,-0.794852774356086,0.799503807082403,1.96565824437023,-0.794852774356086,-0.794852774356086,0.794830610358334,0.129059012932862,-0.794852774356086,-0.794852774356086,-0.364286746364555,-0.794852774356086,0.205147225643914,-0.167596599264108,-0.599882708407628,-0.213232276489972,0,"BF520","gp41",159,"W"
"8738","6648","BF520_gp41_160_N","aggaattctacgctgagtAATGAACAAGACTTATTAGCATTGGACAAGTGGGCAAGTCTGTGGAACTGGTTTAACATCTCACAATGGCTGTGGTATATAAAGATAGGTGGTtgatagcaagcttgcc",0.139704198319511,-0.524595516955758,-0.524595516955758,-0.524595516955758,-0.524595516955758,-0.524595516955758,-0.524595516955758,-0.524595516955758,-0.524595516955758,-0.524595516955758,0.192864944691561,3.156085841346,-0.283331645644485,0.176295338534534,0.524595516955758,-0.524595516955758,-0.524595516955758,-0.524595516955758,-0.524595516955758,-0.524595516955758,0.475404483044242,0.181067680022716,0.450254812786528,-0.19743398690607,0,"BF520","gp41",160,"N"
"8765","6672","BF520_gp41_161_W","aggaattctacgctgagtGAACAAGACTTATTAGCATTGGACAAGTGGGCAAGTCTGTGGAATTGGTTTAACATCTCACAATGGCTGTGGTATATAAAGATAGGTGGTGGAtgatagcaagcttgcc",0.614126453809445,1.68821741997181,0.269056966743953,0.592509901118607,-0.215537720758271,-0.322244792518546,-0.227855557458347,-0.438229530785041,1.67204572305265,-0.00640370148948333,2.06222673158978,2.76870076159669,2.08429173757837,1.00518926071972,0.43814245793673,0.424262378140992,2.07284043936086,1.63180539053408,2.30716177640848,0.533618397990645,0.561770469214959,0.325656702247763,0.673678964128933,0.252804724105391,0,"BF520","gp41",161,"W"
"8791","6696","BF520_gp41_162_F","aggaattctacgctgagtCAAGACTTATTAGCATTGGACAAGTGGGCAAGTCTGTGGAATTGGTTCAACATCTCACAATGGCTGTGGTATATAAAGATAGGTGGTGGAGGTtgatagcaagcttgcc",2.69214788837456,3.22794363620863,1.9472294562111,0.286479211800754,0.00704869517140283,-0.357403330143599,-0.381890547955151,-0.43396841880318,0.461568558665755,1.58182358265634,2.26705920151614,1.87547870797439,2.2908941277712,0.775411880866344,0.43381168767622,2.64056156242727,-0.395117611973411,7.81266180924266,0.64666788674419,-0.387025979393164,0.56603158119682,0.119492912160329,0.238869455842476,0.523994754152772,0,"BF520","gp41",162,"F"
"8805","6708","BF520_gp41_163_N","aggaattctacgctgagtGACTTATTAGCATTGGACAAGTGGGCAAGTCTGTGGAATTGGTTTAACATCTCACAATGGCTGTGGTATATAAAGATAGGTGGTGGAGGTTCCtgatagcaagcttgcc",0.199821979429765,-0.405010208638521,0.602461291476142,4.25419495212882,-0.342157918251235,-0.421990616382996,-0.272678035686121,-0.508764383530522,-0.17045041426448,4.06036415311105,1.36194733869064,2.10860902681739,1.55002065165901,2.60630608531522,0.508632982686707,2.41255669627834,2.48533779615039,1.81427480594983,1.63449762247176,5.98181023889441,0.491235616469478,0.369394261598247,1.50159362980468,0.770800711774928,0,"BF520","gp41",163,"N"
"8830","6730","BF520_gp41_164_I","aggaattctacgctgagtTTATTAGCATTGGACAAGTGGGCAAGTCTGTGGAATTGGTTTAACATCTCACAATGGCTGTGGTATATAAAGATAGGTGGTGGAGGTTCCGGGtgatagcaagcttgcc",-1.00726851212191,-1.00726851212191,-1.00726851212191,-0.76231631771657,-1.00726851212191,-1.00726851212191,-0.901029655591927,-1.00726851212191,-1.00726851212191,-1.00726851212191,-0.854210280303813,-1.00726851212191,-1.00726851212191,-1.00726851212191,1.0071782729882,2.60390670219603,-1.00726851212191,-1.00726851212191,0.232761648493699,0.0461198282388602,-0.00726851212190804,-0.480373325044647,-0.757706827707883,-0.797885132890107,0,"BF520","gp41",164,"I"
"8847","6746","BF520_gp41_165_S","aggaattctacgctgagtTTAGCATTGGACAAGTGGGCAAGTCTGTGGAATTGGTTTAACATCTCTCAATGGCTGTGGTATATAAAGATAGGTGGTGGAGGTTCCGGGGGAtgatagcaagcttgcc",4.81545162636516,2.37424643963381,1.01219870946053,-0.263415139678013,-0.210588752084379,-0.498946095836991,-0.498946095836991,-0.498946095836991,5.0637162834412,0.100152925575802,0.531253541400186,-0.21581676058301,1.57963494930628,1.87329987659169,0.498885936414521,1.81590981077707,-0.498946095836991,1.9321414280378,0.229704105379445,6.77532653427671,0.501053904163009,2.03420384203446,0.58088811556985,0.9103651105309,0,"BF520","gp41",165,"S"
"8881","6777","BF520_gp41_166_Q","aggaattctacgctgagtGCATTGGACAAGTGGGCAAGTCTGTGGAATTGGTTTAACATCTCACAGTGGCTGTGGTATATAAAGATAGGTGGTGGAGGTTCCGGGGGAGGAtgatagcaagcttgcc",0.14878439501954,-0.315095013880359,2.26220616392837,0.629529685937926,-0.520258376713083,-0.478086700439602,-0.542111857823772,-0.595231286088762,-0.442989999919043,0.339363187315195,-0.021262916770906,-0.448004031756692,0.601437515615152,0.918692961770271,0.595123632385395,0.481785883093782,1.12857901294812,2.00603236445726,-0.130219975857909,0.936969936254174,0.404768713911238,-0.162424525275297,-0.0961079172607112,0.381891150326309,0,"BF520","gp41",166,"Q"
"8898","6792","BF520_gp41_167_W","aggaattctacgctgagtTTGGACAAGTGGGCAAGTCTGTGGAATTGGTTTAACATCTCACAATGGCTGTGGTATATAAAGATAGGTGGTGGAGGTTCCGGGGGAGGAGGTtgatagcaagcttgcc",-0.785146865988237,-1.07241160772889,-0.782806460767697,-1.07241160772889,-1.07241160772889,-0.861340282234912,-1.00062859655999,-1.07241160772889,-1.07241160772889,0.5273446980977,-0.141652089916154,0.121322886855459,0.805534201396691,2.71618761113755,1.07237202916148,-0.00224351434401271,0.908979540589358,-1.07241160772889,0.370566432026505,-1.07241160772889,-0.0724116077288937,-0.258673867069031,0.740283059467574,-0.695144257761685,0,"BF520","gp41",167,"W"
"8924","6815","BF520_gp41_168_L","aggaattctacgctgagtGACAAGTGGGCAAGTCTGTGGAATTGGTTTAACATCTCACAATGGCTGTGGTATATAAAGATAGGTGGTGGAGGTTCCGGGGGAGGAGGTTCGtgatagcaagcttgcc",2.67345593345618,0.418441088665819,0.677955960457666,2.01284272330342,-0.819585102050432,-0.957757079586172,-0.827022392478577,-1.10794244580304,0.282723149016504,0.689354618435335,-0.813599692306708,-0.895595444362558,3.01210212582023,2.12693842569061,1.10783162581428,-0.0418903835465667,1.52121119331156,1.01925913758739,0.365918188475655,-0.992843195326562,-0.107942445803044,-0.438467105079876,-0.538029945338323,0.586586504710729,0,"BF520","gp41",168,"L"
"8943","6832","BF520_gp41_169_W","aggaattctacgctgagtAAGTGGGCAAGTCTGTGGAATTGGTTTAACATCTCACAATGGCTGTGGTATATAAAGATAGGTGGTGGAGGTTCCGGGGGAGGAGGTTCGGGCtgatagcaagcttgcc",0.465408598331058,0.00695801569534604,-0.352191051238504,0.118870861079453,-0.352191051238504,-0.352191051238504,-0.250038304575061,-0.352191051238504,-0.352191051238504,0.366727774456847,-0.352191051238504,-0.352191051238504,-0.203720976585413,-0.13653232647226,0.352160971527269,0.805236902068529,11.0789117275206,-0.352191051238504,-0.352191051238504,-0.352191051238504,0.647808948761496,0.443941786378236,0.00775368589710934,0.117579350884126,0,"BF520","gp41",169,"W"
"8967","6854","BF520_gp41_170_Y","aggaattctacgctgagtTGGGCAAGTCTGTGGAATTGGTTTAACATCTCACAATGGCTGTGGTACATAAAGATAGGTGGTGGAGGTTCCGGGGGAGGAGGTTCGGGCGGTtgatagcaagcttgcc",0,0,0,0,0,0,0,0,0,0,0,0,0,0.0698448639196521,0,0,0,0,0,0,1,0,0,0.0217347702257019,0,"BF520","gp41",170,"Y"
"8985","6870","BF520_gp41_171_I","aggaattctacgctgagtGCAAGTCTGTGGAATTGGTTTAACATCTCACAATGGCTGTGGTATATCAAGATAGGTGGTGGAGGTTCCGGGGGAGGAGGTTCGGGCGGTGGGtgatagcaagcttgcc",5.56933219048809,3.0370625816079,3.35214768195869,6.82879980824721,-0.366927962179911,-0.118859278218258,-0.589218018592769,-0.807945076154494,2.14732694949299,2.16076678054043,-0.357773806101274,-0.807945076154494,15.1779151970819,14.6941114923367,0.807921329014045,-0.52844235058809,-0.668082171567323,3.65381555589806,1.36008151184992,0.656659033438018,0.192054923845506,0.144008413102743,1.54087077715398,1.61433323260556,0,"BF520","gp41",171,"I"
"9003","6887","BF520_gp41_172_K","aggaattctacgctgagtAGTCTGTGGAATTGGTTTAACATCTCACAATGGCTGTGGTATATAAAAATAGGTGGTGGAGGTTCCGGGGGAGGAGGTTCGGGCGGTGGGGGAtgatagcaagcttgcc",-0.991967973061236,-0.991967973061236,0.0795710706951909,-0.0733972440412196,-0.991967973061236,-0.991967973061236,-0.85916940239876,-0.991967973061236,-0.991967973061236,-0.368904990791931,-0.800645183288617,-0.991967973061236,2.09620957972306,1.53123910670382,0.99195689106236,-0.437620900687867,-0.595689743397585,-0.991967973061236,5.72486206360664,-0.63285831157461,0.00803202693876437,1.26615425726988,0.48980452814704,-0.468509524981733,0,"BF520","gp41",172,"K"
"9030","6910","BF520_gp41_173_I","aggaattctacgctgagtCTGTGGAATTGGTTTAACATCTCACAATGGCTGTGGTATATAAAGATCGGTGGTGGAGGTTCCGGGGGAGGAGGTTCGGGCGGTGGGGGAAGTtgatagcaagcttgcc",0.0212413745335815,1.49667436719639,2.67824206810722,6.69510391080477,-0.940049279135426,-1.21194249708777,-1.11064216332906,-1.35656544233364,-1.21560128847279,1.35491235087537,-1.07312427230013,-0.674957783388874,27.9525270725173,22.7333128500735,1.3564942009123,-0.0366914604922903,0.294593847931566,12.3295569142948,0.333804889781253,0.727157284810974,-0.356565442333644,-0.206595787998352,-0.518916270110642,0.5175450507905,0,"BF520","gp41",173,"I"
"42010","1037.4497","BF520_gp41_52_Q","aggaattctacgctgagtATAGTGCAACAGCAAAGCAATTTGCTGAGGGCTATAGAGGCTCAACAGCATCTGTTGAAACTCACGGTCTGGGGCATTAAACAGCTCCAGGCAtgatagcaagcttgcc",-0.19076200616573,7.97987926657936,-0.19076200616573,3.38145749557878,-0.19076200616573,0.134639620637492,0.251899896042522,-0.19076200616573,4.24960884045107,-0.19076200616573,-0.19076200616573,-0.19076200616573,0.774293479079362,0.743759134487993,0.19076200616573,-0.19076200616573,-0.19076200616573,-0.19076200616573,2.53615617111396,-0.19076200616573,0.80923799383427,1.37737843156421,0.979058389525013,1.11788411403303,0,"BF520","gp41",52,"Q"
