"","X","id","Virus_Protein_Loc_AA","Oligo","X006.1","X006.2","X016.1","X016.2","X067.1","X067.2","X072.1","X072.2","X10E8.1","X10E8.2","X2F5.1","X2F5.2","X4E10.1","X4E10.2","Beadsonly.Lib1.1","Beadsonly.Lib1.2","Beadsonly.Lib2.1","Beadsonly.Lib2.2","Beadsonly.Lib2a","Beadsonly.Lib2b","Input.Lib1","Input.Lib2a","Input.Lib2b","Input.Lib2","mean_beads","Virus","Protein","Locus","AA"
"1",440,10393,"BG505_V3_1_C","aggaattctacgctgagtGCCAAAAACATCCTTGTCCAGTTTAATACACCGGTTCAGATCAATTGCACGCGCCCTAACAATAACACTCGTAAAAGCATCCGTATTGGACCAtgatagcaagcttgcc",-0.386477734271882,-0.394333445862291,-0.698842873355777,-0.351762618027822,-1.12359296412593,-1.14609349864364,-1.13610133700149,-1.2451176799767,-0.56450957710031,-0.377716273288061,-1.10406401536003,-1.13349440218245,-0.746568754788648,-0.737910911872876,0.000556776735579864,0.000827983630304517,0.000546620164342541,0.000177390273181021,0.00049579094148634,0.000741829111288725,0.000530763279577309,0.000447661252097237,0.000673516159710637,0.000586012100452241,0.000692380182942191,"BG505","V3",1,"C"
"2",462,10411,"BG505_V3_2_T","aggaattctacgctgagtAAAAACATCCTTGTCCAGTTTAATACACCGGTTCAGATCAATTGTACCCGCCCTAACAATAACACTCGTAAAAGCATCCGTATTGGACCAGGCtgatagcaagcttgcc",-0.320373616433249,-0.367935326786702,-0.65128311073574,-0.305269447139033,-1.1028074212803,-1.12230408048575,-1.11402293530342,-1.21754358101353,-0.562272621889916,-0.384707122169573,-1.07663631355784,-1.10488762360974,-0.73663118712286,-0.704026225388884,0.000143389077108239,9.97379898837182e-05,2.57466019436704e-05,0.000208980321829696,1.20504742722374e-05,0,6.99687939179126e-05,3.38567333518918e-05,3.11813036903073e-05,5.40665926012484e-05,0.000121563533495979,"BG505","V3",2,"T"
"3",477,10425,"BG505_V3_3_R","aggaattctacgctgagtAACATCCTTGTCCAGTTTAATACACCGGTTCAGATCAATTGTACGCGTCCTAACAATAACACTCGTAAAAGCATCCGTATTGGACCAGGCCAAtgatagcaagcttgcc",-0.302320348688953,-0.373723798654207,-0.589923696042055,-0.240901789376456,-1.06519981050352,-1.07136149203479,-1.06497124457737,-1.17709967524334,-0.539244393103684,-0.366055004293635,-1.03513734935662,-1.06408941605454,-0.702185376747459,-0.657035671595957,0.000300506895641735,0.000341958822458462,3.36686333109536e-05,0.000182250280665432,0.000172149632460535,1.43579827991366e-05,0.000170923767999472,6.77134667037837e-05,3.74175644283688e-05,0.000134294439686972,0.000321232859050098,"BG505","V3",3,"R"
"4",514,10459,"BG505_V3_4_P","aggaattctacgctgagtATCCTTGTCCAGTTTAATACACCGGTTCAGATCAATTGTACGCGCCCGAACAATAACACTCGTAAAAGCATCCGTATTGGACCAGGCCAAGCAtgatagcaagcttgcc",-0.26974799226801,-0.362855125207833,-0.565840270964035,-0.253000736864163,-1.07769044637541,-1.08871462129913,-1.07564822969468,-1.19159159715769,-0.567987867270189,-0.307920540573822,-1.04294850664204,-1.06843033632221,-0.716487358267801,-0.654601372489745,0.000141863661394321,7.59908494352138e-05,0,0,7.9188830931846e-05,0,8.59616610991498e-05,6.77134667037837e-05,2.33859777677305e-05,2.79053381167734e-05,0.000108927255414768,"BG505","V3",4,"P"
"5",524,10468,"BG505_V3_5_N","aggaattctacgctgagtCTTGTCCAGTTTAATACACCGGTTCAGATCAATTGTACGCGCCCTAACAATAACACTCGTAAAAGCATCCGTATTGGACCAGGCCAAGCATTTtgatagcaagcttgcc",-0.280345891829834,-0.371705944442115,-0.569521659072779,-0.263109854219651,-1.07049930484021,-1.08021013716349,-1.06798584324665,-1.18016894737183,-0.577494994990335,-0.308063054288724,-1.03813740111533,-1.06306553608193,-0.719257459447134,-0.659338734039863,0.000393557254190698,0.00034829139324473,0.000170323674396589,0.000289170445322486,0.000452753533371206,0.000461848446705561,0.000347844861191908,0.000319758037212312,0.000213591930278605,0.000263356628477049,0.000370924323717714,"BG505","V3",5,"N"
"6",546,10488,"BG505_V3_6_N","aggaattctacgctgagtGTCCAGTTTAATACACCGGTTCAGATCAATTGTACGCGCCCTAACAACAACACTCGTAAAAGCATCCGTATTGGACCAGGCCAAGCATTTTATtgatagcaagcttgcc",-0.293948862518011,-0.390946950771843,-0.561350256988185,-0.266317312279266,-1.06153843840427,-1.07017218510621,-1.05586412337568,-1.16678203815957,-0.587095091347335,-0.327685988165371,-1.03048259501571,-1.05440468136986,-0.723117294986703,-0.658116556793036,0.000483556781311827,0.000406867673017707,7.52592979891904e-05,0.000106920164657054,0.000342577768596464,0.000315875621581005,0.000319857343624743,0.00022759248530994,0.000196442213248936,0.000137782606951569,0.000445212227164767,"BG505","V3",6,"N"
"7",569,10508,"BG505_V3_7_N","aggaattctacgctgagtCAGTTTAATACACCGGTTCAGATCAATTGTACGCGCCCTAACAATAACACTCGTAAAAGCATCCGTATTGGACCAGGCCAAGCATTTTATGCTtgatagcaagcttgcc",-0.273169264228577,-0.438259008836795,-0.569930592548701,-0.217532099828647,-1.02051791843057,-1.03950475359956,-1.02502818926381,-1.12601871904904,-0.579044038199753,-0.273038034490241,-0.997133606178266,-1.02132868041471,-0.698967219889687,-0.648405669020328,0.000166270312817,0.000242220832574744,1.9805078418208e-06,2.43000374220576e-06,2.41009485444749e-05,7.41829111288725e-05,0.000131941154245207,6.5832537073123e-05,8.88667155173758e-05,9.94127670410052e-05,0.000204245572695872,"BG505","V3",7,"N"
"8",595,10531,"BG505_V3_8_T","aggaattctacgctgagtTTTAATACACCGGTTCAGATCAATTGTACGCGCCCTAACAATAACACCCGTAAAAGCATCCGTATTGGACCAGGCCAAGCATTTTATGCTACTtgatagcaagcttgcc",-0.269736549069643,-0.424491828303487,-0.568124952373597,-0.201905110471413,-1.0022475625834,-1.01691850174414,-1.00782992673826,-1.10776738333332,-0.543667830959521,-0.276032438597832,-0.980823352204567,-1.00521788117756,-0.681995381226048,-0.628629013071392,0.000100677437118551,3.32459966279061e-05,0,0,1.89364595706588e-05,0,4.89781557425388e-05,9.40464815330329e-06,2.96222385057919e-05,2.6161254484475e-05,6.69617168732284e-05,"BG505","V3",8,"T"
"9",610,10545,"BG505_V3_9_R","aggaattctacgctgagtAATACACCGGTTCAGATCAATTGTACGCGCCCTAACAATAACACTCGTAAAAGCATCCGTATTGGACCAGGCCAAGCATTTTATGCTACTGGTtgatagcaagcttgcc",-0.245961112131988,-0.364011729449913,-0.532689349861052,-0.179160564758652,-0.998389334774207,-1.00741714988824,-1.00027136120124,1.44991230372381,-0.52186473862588,-0.283782877485744,-0.977143375385326,-0.996396298170352,-0.674344733723135,-0.613480685217413,0.000190676964239679,0.000183644552801767,0.000261427035120346,8.01901234927902e-05,0.000132555216994612,2.39299713318943e-06,0.000148933575625271,7.7118114857087e-05,8.88667155173758e-05,8.02278470857235e-05,0.000187160758520723,"BG505","V3",9,"R"
"10",634,10567,"BG505_V3_10_K","aggaattctacgctgagtACACCGGTTCAGATCAATTGTACGCGCCCTAACAATAACACTCGTAAAAGCATCCGTATTGGACCAGGCCAAGCATTTTATGCTACTGGTGATtgatagcaagcttgcc",-0.258313320522325,-0.367600080161323,-0.536775123536914,-0.18953266081396,-0.988092471949503,-0.997318295125807,-0.990537833183505,1.38866771212345,-0.526262588094464,-0.295044676516475,-0.968415447087915,-0.985235165895058,-0.670899486817329,-0.608084368036053,0.000520166758445845,0.000360956534817266,7.12982823055488e-05,0.000145800224532346,0.000230680507497116,0.000119649856659472,0.000331851994010671,0.000304710600167027,0.000183969691772813,0.000279053381167734,0.000440561646631556,"BG505","V3",10,"K"
"11",655,10586,"BG505_V3_11_S","aggaattctacgctgagtCCGGTTCAGATCAATTGTACGCGCCCTAACAATAACACTCGTAAATCTATCCGTATTGGACCAGGCCAAGCATTTTATGCTACTGGTGATATCtgatagcaagcttgcc",-0.260571741789045,-0.35133557930151,-0.526375426094643,-0.184413355592392,-0.979011784533584,-0.988374180965691,-0.980940201709526,1.32642827751877,-0.505198813312456,-0.27759791895826,-0.959397432212579,-0.976271652556016,-0.665297260740189,-0.607800427782385,0.000378303097051524,0.000391036246052038,0.000303017699798582,0.00022356034428293,0.000194529084680404,0.000277587667449974,0.000288871163461096,0.000317877107581651,0.000396002556866903,0.000279053381167734,0.000384669671551781,"BG505","V3",11,"S"
"12",683,10610,"BG505_V3_12_I","aggaattctacgctgagtGTTCAGATCAATTGTACGCGCCCTAACAATAACACTCGTAAAAGCATCCGTATTGGACCAGGCCAAGCATTTTATGCTACTGGTGATATCATTtgatagcaagcttgcc",-0.248522939695084,-0.356255635527418,-0.52689993866089,-0.180217310773882,-0.965454414283459,-0.974468576648802,-0.969087871638123,1.27937676140893,-0.493389127537509,-0.276471352005744,-0.948124107176093,-0.965498517518258,-0.659070922745873,-0.598156894655269,0.000279151075646891,0.000334043108975628,0.000344608364476819,0.000352350542619836,0.000364957220816334,0.0006341442402952,0.000278875621472823,0.000252044570508528,0.000162142779189598,0.000193593283185115,0.000306597092311259,"BG505","V3",12,"I"
"13",699,10625,"BG505_V3_13_R","aggaattctacgctgagtCAGATCAATTGTACGCGCCCTAACAATAACACTCGTAAAAGCATCCGTATTGGACCAGGCCAAGCATTTTATGCTACTGGTGATATCATTGGAtgatagcaagcttgcc",-0.230061977619822,-0.355161922323169,-0.517348307200102,-0.17631712064473,-0.956978407478681,-0.963279952946538,-0.962451423609728,1.21373574880169,-0.467664775731035,-0.282973922140311,-0.941015298873354,-0.957945477485031,-0.655613897236259,-0.595561666699339,0.000733724958394286,0.000723496212331098,0.000281232113538554,0.000281880434095868,0.000471689992941865,0.000600642280430548,0.000715680806360363,0.00040063801133072,0.000503578054598463,0.000603452936775224,0.000728610585362692,"BG505","V3",13,"R"
"14",727,10650,"BG505_V3_14_I","aggaattctacgctgagtATCAATTGTACGCGCCCTAACAATAACACTCGTAAAAGCATCCGTATCGGACCAGGCCAAGCATTTTATGCTACTGGTGATATCATTGGAGATtgatagcaagcttgcc",-0.221720756059185,-0.348187248856801,-0.513283849185183,-0.174665862238586,-0.957784667590199,-0.962678084259905,-0.962598832937248,1.1960553909444,-0.4660925189807,-0.286850887791867,-0.938837957373129,-0.957036049103263,-0.65607558031336,-0.599177408378581,0.000132711167110817,2.05808550553704e-05,0,2.43000374220576e-06,4.4758904439739e-05,7.89689053952513e-05,4.09817221519202e-05,3.94995222438738e-05,4.67719555354609e-05,3.48816726459667e-05,7.66460110830936e-05,"BG505","V3",14,"I"
"15",738,10660,"BG505_V3_15_G","aggaattctacgctgagtAATTGTACGCGCCCTAACAATAACACTCGTAAAAGCATCCGTATTGGTCCAGGCCAAGCATTTTATGCTACTGGTGATATCATTGGAGATATTtgatagcaagcttgcc",-0.211241463140088,-0.369339552260191,-0.498439464624302,-0.200249571190447,-0.954322920427461,-0.957962987124546,-0.957508995637891,2.15042826246158,-0.487630703824095,-0.30694295335439,-0.93630531458285,-0.952055240136381,-0.661187395255631,-0.604333516826565,7.62707856958718e-06,5.06605662901426e-05,0.000200031292023901,0.000109350168399259,5.68093787119764e-05,0,6.09728061284667e-05,3.38567333518918e-05,3.58584992438534e-05,7.84837634534251e-05,2.91438224298649e-05,"BG505","V3",15,"G"
"16",780,10699,"BG505_V3_16_P","aggaattctacgctgagtTGTACGCGCCCTAACAATAACACTCGTAAAAGCATCCGTATTGGACCGGGCCAAGCATTTTATGCTACTGGTGATATCATTGGAGATATTCGCtgatagcaagcttgcc",-0.231884983672471,-0.398367242186384,-0.509310137910496,-0.210818853752425,-0.9601606699718,-0.962669486373094,-0.96297459450995,2.02024501489209,-0.505069685504826,-0.312549522285292,-0.942355203829549,-0.954941740753644,-0.667261698482973,-0.605783402935535,0.000201354874237101,0.000349874535941297,0.000168343166554768,0.000233280359251753,0.000389058169360808,0.000222548733386617,0.000250888103905658,0.000203140400111351,0.000152788388082506,0.000221498621301889,0.000275614705089199,"BG505","V3",16,"P"
"17",783,10700,"BG505_V3_17_G","aggaattctacgctgagtACGCGCCCTAACAATAACACTCGTAAAAGCATCCGTATTGGACCAGGTCAAGCATTTTATGCTACTGGTGATATCATTGGAGATATTCGCCAAtgatagcaagcttgcc",-0.196583996208147,-0.364564087946096,-0.472189102170742,-0.225615359678637,-0.944061379059591,-0.940136302658086,-0.940449145092853,2.11839319083936,-0.512992240748718,-0.31842158303053,-0.917648976533455,-0.935402507682278,-0.659821848366345,-0.594248360518875,0.000347794782773175,0.000310295968527123,0.000196070276340259,0.000170100261954403,0.000277160908261461,0.000282373661716353,0.000356840848981354,0.000379947785393453,0.000222946321385697,0.00026161254484475,0.000329045375650149,"BG505","V3",17,"G"
"18",823,10737,"BG505_V3_18_Q","aggaattctacgctgagtCGCCCTAACAATAACACTCGTAAAAGCATCCGTATTGGACCAGGCCAGGCATTTTATGCTACTGGTGATATCATTGGAGATATTCGCCAAGCCtgatagcaagcttgcc",-0.191416789901873,-0.351882033463527,-0.477211937323146,-0.223475158449033,-0.938188142177742,-0.932203240432839,-0.934066180684729,2.11416671810667,-0.5226355354061,-0.303542955397348,-0.910234440726184,-0.927956201834678,-0.649568232838611,-0.586390886946458,0.000355421861342762,0.000501856234811725,0.000202011799865722,0.000109350168399259,0.000471689992941865,0.000674825191559421,0.00050777353300428,0.000616944918856696,0.00038353003539078,0.000524969173321799,0.000428639048077244,"BG505","V3",18,"Q"
"19",831,10744,"BG505_V3_19_A","aggaattctacgctgagtCCTAACAATAACACTCGTAAAAGCATCCGTATTGGACCAGGCCAGGCTTTTTATGCTACTGGTGATATCATTGGAGATATTCGCCAAGCCCACtgatagcaagcttgcc",-0.201496075820081,-0.338976134807921,-0.47593219516221,-0.228246478394525,-0.926338678771518,-0.919132313934952,-0.921986458053284,2.12287571499868,-0.545802038538102,-0.308834448414418,-0.898850428038611,-0.912930951903738,-0.641861566901694,-0.574792760643418,0.00066050500412625,0.000690250215703192,0.00027331008217127,0.000466560718503507,0.000748850901203326,0.000153151816524124,0.000509772641401935,0.000592492833658107,0.000503578054598463,0.000601708853142926,0.000675377609914721,"BG505","V3",19,"A"
"20",866,10776,"BG505_V3_20_F","aggaattctacgctgagtAACAATAACACTCGTAAAAGCATCCGTATTGGACCAGGCCAAGCATTCTATGCTACTGGTGATATCATTGGAGATATTCGCCAAGCCCACTGTtgatagcaagcttgcc",-0.20069015696645,-0.327806658452702,-0.4747321608022,-0.221395348974521,-0.924588767000266,-0.918171745132798,-0.920777978244196,2.14981478915325,-0.542563359805897,-0.311126186762646,-0.90061671138729,-0.912670576892405,-0.637342037473584,-0.574405066060179,0.000256269839938129,0.000259635402236981,0.00017230418223841,8.50501309772017e-05,9.98467868271101e-05,7.89689053952513e-05,0.00026888007948455,0.000126022285254264,0.000163701844374113,0.00011510951973169,0.000257952621087555,"BG505","V3",20,"F"
"21",886,10794,"BG505_V3_21_Y","aggaattctacgctgagtAATAACACTCGTAAAAGCATCCGTATTGGACCAGGCCAAGCATTTTACGCTACTGGTGATATCATTGGAGATATTCGCCAAGCCCACTGTACTtgatagcaagcttgcc",-0.182267739369917,-0.301409420599804,-0.488999460797406,-0.211006892790771,-0.923250491993244,-0.916316501914866,-0.916555298344641,2.27625235157885,-0.538310254870017,-0.291290101645724,-0.89712711018585,-0.912450190969302,-0.630506336809019,-0.572167789942777,0.000233388604229368,0.000156731126960129,0,0,0.000142884194942244,6.70039197293042e-05,0.000229897465730284,0.000144831581560871,0.000113811758469622,6.62751780273368e-05,0.000195059865594748,"BG505","V3",21,"Y"
"22",898,10804,"BG505_V3_22_A","aggaattctacgctgagtAACACTCGTAAAAGCATCCGTATTGGACCAGGCCAAGCATTTTATGCTACTGGTGATATCATTGGAGATATTCGCCAAGCCCACTGTACTGTCtgatagcaagcttgcc",-0.156831219432125,-0.28622895912189,-0.467694132622621,-0.178200082152831,-0.905673061803342,-0.898936674010074,-0.901217121476169,2.41382988841937,-0.5080796663043,-0.268997370293001,-0.882157762999377,-0.896193275208085,-0.617784701072393,-0.554566458231812,0.00106626558402829,0.000677585074130657,0.000750612472050083,0.000546750841996297,0.000407994628931467,0.000665253203026663,0.000980562669049604,0.000505970070647717,0.000522286836812647,0.000676704449331754,0.000871925329079472,"BG505","V3",22,"A"
"23",928,10831,"BG505_V3_23_T","aggaattctacgctgagtACTCGTAAAAGCATCCGTATTGGACCAGGCCAAGCATTTTATGCTACCGGTGATATCATTGGAGATATTCGCCAAGCCCACTGTACTGTCTCGtgatagcaagcttgcc",-0.157745906663437,-0.268068526978225,-0.455395171220552,-0.165422868217651,-0.897364342733328,-0.891061325481054,-0.892950433653913,2.47608729454945,-0.497175170540227,-0.257057836329549,-0.875338692149167,-0.885950518792154,-0.607302904856808,-0.544295401209989,0.000170846559958753,0.000212141121339972,0.000308959223324045,0,0.000108454268450137,8.85408939280091e-05,0.000282873838268132,0.000220068766787297,0.000193324082879905,0.000237195373992574,0.000191493840649362,"BG505","V3",23,"T"
"24",938,10840,"BG505_V3_24_G","aggaattctacgctgagtCGTAAAAGCATCCGTATTGGACCAGGCCAAGCATTTTATGCTACTGGTGATATCATTGGAGATATTCGCCAAGCCCACTGTACTGTCTCGAAAtgatagcaagcttgcc",-0.150649507145721,-0.26161945213964,-0.454750044472688,-0.158371513738392,-0.895505470973364,-0.889670459921783,-0.89016789137755,2.4986378704364,-0.49207039285582,-0.259124234981467,-0.873827421822585,-0.883126904089946,-0.605155541695981,-0.539467104342588,0.000677284576979341,0.000671252503344389,0.000883306497452077,0.000753301160083787,0.000698927507789771,0.000512101386502539,0.00064971022923776,0.00063011142627132,0.000464601424985579,0.000674960365699456,0.000674268540161865,"BG505","V3",24,"G"
"25",962,10862,"BG505_V3_25_D","aggaattctacgctgagtAAAAGCATCCGTATTGGACCAGGCCAAGCATTTTATGCTACTGGTGACATCATTGGAGATATTCGCCAAGCCCACTGTACTGTCTCGAAAGCGtgatagcaagcttgcc",-0.140924185017085,-0.258343354940594,-0.45455287539449,-0.145885677592249,-0.890772560077381,-0.88443163096229,-0.88448131466894,2.56685797223035,-0.480964619781198,-0.256575245729873,-0.868738647964301,-0.877238467026666,-0.600379544696272,-0.531223536217189,0.000147965324249991,0.000156731126960129,0.000114869454825606,2.43000374220576e-06,2.23794522198695e-05,8.13619025284408e-05,0.000225899248934975,0.000116617637100961,0.000118488954023168,5.92988434981434e-05,0.00015234822560506,"BG505","V3",25,"D"
"26",993,10890,"BG505_V3_26_I","aggaattctacgctgagtAGCATCCGTATTGGACCAGGCCAAGCATTTTATGCTACTGGTGATATCATTGGAGATATTCGCCAAGCCCACTGTACTGTCTCGAAAGCGACAtgatagcaagcttgcc",-0.125978489191701,-0.24645928600059,-0.424077471694403,-0.127938016486803,-0.876155980226048,-0.870202474678717,-0.870850975474896,2.73114704261237,-0.449118415699285,-0.26483348683383,-0.8547302753783,-0.86572333813972,-0.58245497572279,-0.526839835772331,0.000259320671365964,9.02391337043164e-05,1.9805078418208e-06,6.07500935551441e-05,0.000101568283151715,4.78599426637887e-06,0.000235894790923248,0.000191854822327387,0.000210473799909574,0.00017789653049443,0.00017477990253514,"BG505","V3",26,"I"
"27",1016,10910,"BG505_V3_27_I","aggaattctacgctgagtATCCGTATTGGACCAGGCCAAGCATTTTATGCTACTGGTGATATCATCGGAGATATTCGCCAAGCCCACTGTACTGTCTCGAAAGCGACATGGtgatagcaagcttgcc",-0.120675971982736,-0.273452770107492,-0.410210727840734,-0.137788351256438,-0.864726299403655,-0.858277965470813,-0.861343264116459,2.88602670618449,-0.462668212614025,-0.257862304430466,-0.842102235424337,-0.853788367396639,-0.582919413711772,-0.521307292704962,9.4575774262881e-05,0.000132983986511624,0.00022181687828393,1.70100261954403e-05,9.81252905025048e-05,0,0.000207907273356083,8.84036926410509e-05,2.33859777677305e-05,0.000149991192377657,0.000113779880387253,"BG505","V3",27,"I"
"28",1027,10920,"BG505_V3_28_G","aggaattctacgctgagtCGTATTGGACCAGGCCAAGCATTTTATGCTACTGGTGATATCATTGGTGATATTCGCCAAGCCCACTGTACTGTCTCGAAAGCGACATGGAACtgatagcaagcttgcc",-0.128403638422792,-0.286013192085748,-0.400019582026757,-0.145494565029813,-0.855759550967499,-0.853342916706781,-0.854065914505436,3.03830488827705,-0.456061213154855,-0.26154570635799,-0.835939249891213,-0.847428083644111,-0.584331295312754,-0.518416176729655,0.000155592402819578,0.000278633114595784,4.951269604552e-05,0.000194400299376461,7.57458382826353e-05,0.000260836687517648,0.00026888007948455,0.000131665074146246,0.000251009494706974,0.00021975453766959,0.000217112758707681,"BG505","V3",28,"G"
"29",1051,10942,"BG505_V3_29_D","aggaattctacgctgagtATTGGACCAGGCCAAGCATTTTATGCTACTGGTGATATCATTGGAGACATTCGCCAAGCCCACTGTACTGTCTCGAAAGCGACATGGAACGAAtgatagcaagcttgcc",-0.113989734245989,-0.332615202522213,-0.365910575135047,-0.11757967174211,-0.848359598226394,-0.845514176127696,-0.849947887957093,3.47929514726432,-0.451596505297419,-0.266336037933501,-0.835312161899757,-0.845642994508744,-0.60165137962311,-0.516881451733885,9.4575774262881e-05,4.74942808970087e-05,1.9805078418208e-06,7.29001122661729e-06,2.23794522198695e-05,0,6.69701313214306e-05,4.51423111358558e-05,9.51029762554372e-05,7.67396798211268e-05,7.10350275799448e-05,"BG505","V3",29,"D"
"30",1082,10970,"BG505_V3_30_I","aggaattctacgctgagtGGACCAGGCCAAGCATTTTATGCTACTGGTGATATCATTGGAGATATCCGCCAAGCCCACTGTACTGTCTCGAAAGCGACATGGAACGAAACTtgatagcaagcttgcc",-0.102987959440801,-0.322982968465586,-0.356486914077217,-0.109407324288755,-0.843103653117274,-0.839691518456013,-0.843962195002999,3.51280642247316,-0.445035678732122,-0.256288609721314,-0.82999826045205,-0.840349263460222,-0.593704475323723,-0.511830336637283,0.000526268421301515,0.000387869960658904,5.14932038873408e-05,0.00016038024698558,0.000246173974418565,0.000227334727652996,0.000478786461238288,0.000340448263149579,0.000291545189504373,0.000280797464800032,0.00045706919098021,"BG505","V3",30,"I"
"31",1098,10985,"BG505_V3_31_R","aggaattctacgctgagtCCAGGCCAAGCATTTTATGCTACTGGTGATATCATTGGAGATATTCGTCAAGCCCACTGTACTGTCTCGAAAGCGACATGGAACGAAACTCTGtgatagcaagcttgcc",-0.114213222233963,-0.335206127014999,-0.383988813434891,-0.121995496532619,-0.851163749665047,-0.846707755220507,-0.849862981832119,3.55035084140369,-0.451769599410547,-0.27438238067981,-0.835670514692445,-0.843758344967996,-0.597769907483652,-0.516472604400981,0.000486607612739662,0.000398951959534873,0.000449575280093322,0.000221130340540724,0.000420045103203705,0.000528852366434865,0.000366836390969628,0.000528541226215645,0.000434979186479787,0.0003139350538137,0.000442779786137267,"BG505","V3",31,"R"
"32",1135,11017,"BG505_V3_32_Q","aggaattctacgctgagtGGCCAAGCATTTTATGCTACTGGTGATATCATTGGAGATATTCGCCAGGCCCACTGTACTGTCTCGAAAGCGACATGGAACGAAACTCTGGGTtgatagcaagcttgcc",-0.0984476239273232,-0.331432803087217,-0.39131542375309,-0.159303377083305,-0.848418397113092,-0.840324783046997,-0.847518278580183,3.737560161224,-0.48556515393007,-0.285676360370618,-0.833678865579091,-0.837040841917957,-0.611666076950145,-0.517321219713492,0.000268473165649469,0.000250136546057579,0.000617918446648089,0.000109350168399259,0.00014804868391606,8.13619025284408e-05,0.000296867597051715,0.000276496655707117,0.000283749863581796,0.000275565213903137,0.000259304855853524,"BG505","V3",32,"Q"
"33",1143,11024,"BG505_V3_33_A","aggaattctacgctgagtCAAGCATTTTATGCTACTGGTGATATCATTGGAGATATTCGCCAAGCTCACTGTACTGTCTCGAAAGCGACATGGAACGAAACTCTGGGTAAAtgatagcaagcttgcc",-0.127995049286097,-0.346399005351242,-0.406480098322327,-0.180699989002932,-0.846493247309964,-0.838678750927916,-0.845698626443514,4.02066109850185,-0.482360897227908,-0.2751089711715,-0.836771981723565,-0.839389314854758,-0.610542634470564,-0.528035181383872,9.4575774262881e-05,8.70728483111825e-05,0,5.34600823285268e-05,0.000158377661863692,5.02529397969781e-05,0.000102954082479214,0.000118498566731621,0.000120048019207683,9.06923488795135e-05,9.08243112870318e-05,"BG505","V3",33,"A"
"34",1180,11058,"BG505_V3_34_H","aggaattctacgctgagtGCATTTTATGCTACTGGTGATATCATTGGAGATATTCGCCAAGCCCACTGTACTGTCTCGAAAGCGACATGGAACGAAACTCTGGGTAAAGTGtgatagcaagcttgcc",-0.125562395338629,-0.33930355372162,-0.436922669970496,-0.225149137693943,-0.855094606133769,-0.856346238338435,-0.863162054275919,4.48104225705841,-0.494918132115972,-0.281033444370295,-0.850329929102837,-0.849909145813469,-0.628705426183169,-0.55243574899458,0.000176948222814422,0.000253302831450713,3.9610156836416e-06,3.64500561330864e-05,0.00012222623904698,0.00016990279645645,0.0001829184183854,0.000127903214884925,0.000260363885814066,9.59245997764085e-05,0.000215125527132568,"BG505","V3",34,"H"
"35",1197,11073,"BG505_V3_35_C","aggaattctacgctgagtTTTTATGCTACTGGTGATATCATTGGAGATATTCGCCAAGCCCACTGCACTGTCTCGAAAGCGACATGGAACGAAACTCTGGGTAAAGTGGTCtgatagcaagcttgcc",-0.141871513737196,-0.347323886575784,-0.44663927909137,-0.210544695681971,-0.819667483704289,-0.815198841969609,-0.830547190203505,5.09055448007787,-0.459497700092595,-0.334334847371967,-0.822567516131732,-0.822777667177236,-0.605682561075395,-0.5440603671143,2.59320671365964e-05,1.89977123588035e-05,0,0,3.27084301675016e-05,0,9.99554198827323e-06,6.0189748181141e-05,0,3.48816726459667e-05,2.24648897476999e-05,"BG505","V3",35,"C"
